Name,Representative,Address,Latitude,Longitude,Country
Air Liquide,Cécilia FOUVRY-RENZI,75 quai d'Orsay 75007 PARIS,48.8622331,2.3047133,France
Caisse des Dépôts,Margot LE GUEN,"72, avenue Pierre Mendès France 75914 PARIS CEDEX 13",48.83716,2.370488,France
Compagnie Nationale du Rhône,Frédéric STORCK,2 rue André Bonin 69004 LYON,45.775013,4.8130657,France
Neopolia,Benoit LEBRET,35 avenue du Général de Gaulle 44602 Saint-Nazaire,47.267931,-2.3419795,France
Communauté d'Agglomération du Douaisis,Chékib BEN SMIDA,746 rue Jean-Perrin 59351 Douai,50.397198,3.102187,France
HY2GEN,Cyril Dufau-Sansot,31 Parc du Golf 13593 Aix-en-Provence Cedex 3,43.482906,5.362554,France
NOVA SWISS,Jacques Thimon,"31, rue Denis Papin 77240 CESSON",48.570016,2.591257,France
HAFFNER Energy,Philippe et Marc HAFFNER,2 Place de la Gare 51300 VITRY LE FRANCOIS,48.7181574,4.586041,France
Symbio,Philippe Rosier,"5, rue Simone Veil Parvis Central Ikea 69200 VENISSIEUX FRA",45.718372,4.879975,France
SEED-Energy,Benjamin Guinot,17 Rue de la Frise 38000 Grenoble - France,45.191324,5.7122874,France
McPhy,Jean-Baptiste Lucas,1115 route de Saint Thomas 26190 LA MOTTE-FANJAS,45.052135,5.266724,France
ATAWEY,Jean-Michel AMARE,BP 20335 - 17 avenue du Lac Léman 73377 LE BOURGET DU LAC,,,
Durance Luberon Verdon Agglomération,Dominique Bertin,Place de l'Hotel de Ville 04100 Manosque,43.83376005,5.782311655972444,France
Pragma Industries,Pierre FORTE,"ZA de la Négresse, 40 rue Chapelet 64200 BIARRITZ",43.465491,-1.541013,France
GRTgaz,Anthony Mazzenga,"Immeuble Bora, 6 rue Raoul Nordling 92270 BOIS-COLOMBES",48.906533,2.263986,France
VOL-V SAS,Cédric De Saint-Jouan,"1350 avenue Albert Einstein, PAT Bât. 2 34000 Montpellier",43.6101015,3.9133262,France
H24 PROJECT,Olivier LE GAC,"Parc d'activités de Signes, Avenue de Rome, BP 729 83870 SIGNES",43.258842,5.804488,France
Hinicio,"Jean-Christophe Lanoix, Directeur Associé France",64-66 Rue des Archives 75003 Paris,,,
Hydrogène de France (HDF),Damien HAVARD,20 rue Jean Jaurès 33310 LORMONT,44.877314,-0.532404,France
POWIDIAN,Jean-Emmanuel Boucher,20 rue Marie de Lorraine 37700 La Ville-aux-Dames,47.398261,0.786775,France
SEIYA Consulting,Bertrand CHAUVET,1967 Chemin de la Vigne Ecole 82000 MONTAUBAN,43.9983654,1.4192195,France
MOBILIANS,Xavier HORENT,50 rue Rouget de Lisle 92158 SURESNES CEDEX,48.8781195,2.2320262,France
Conseil Départemental de la Manche,Valérie NOUVEL,50050 SAINT-LO CEDEX,32.810031,-96.984918,United States
Communauté d'Agglomération du Grand Dole,Claire BOURGEOIS-REPUBLIQUE,Place de l'Europe 39100 DOLE,47.089895,5.48813,France
Mission Hydrogène,Henri MORA,43 rue Bobby Sands - BP 80095 44814 SAINT-HERBLAIN CEDEX,47.236028,-1.65894,France
POLENERGIE,JEAN GRAVELLIER,2508 route de l'écluse Trystram 59140 DUNKERQUE,51.0414225,2.3711289,France
TENERRDIS,Catherine CANDELA,"Polytec - 19, rue des Berges 38024 GRENOBLE CEDEX",45.2048481,5.703823663257899,France
H2V,Ann-Katrin Bureau Jégo,"36, avenue Hoche 75008 Paris",48.8757693,2.2993555,France
Pôle Véhicule du Futur,Brigitte  DUCRUEZ-BERNARD,Centre d'affaires Technoland -                                                   15 rue Armand Japy - 25460 ETUPES,47.514858,6.871627,France
Grenoble Alpes Métropole,Anne-Elisabeth COTTE,3 rue Malakoff 38031 GRENOBLE,45.188801,5.73914,France
ITM Power,Lucas BERTRAND,18 rue Franklin 92400 Courbevoie,48.901444,2.268274,France
SIEL-Territoire Energie Loire,Pierre SIMONE,4 avenue Albert Raimond 42271 Saint-Priest-en-Jarez,45.467986,4.377747,France
MICHELIN,Valérie BOUILLON-DELPORTE,"27, cours de l'île Seguin 92105 BOULOGNE BILLANCOURT CEDEX",48.8279094,2.2353155,France
ENGIE,Sylvie Denoble-Mayer,"1 Place Samuel de Champlain, 92400 Courbevoie 92400 Courbevoie",48.89559,2.239661,France
EIFER,Nadia HENRY,"22-30 avenue de Wagram 75008 PARIS, FRANCE",48.876731,2.29747,France
VICAT,Marie GODARD-PITHON,4 Rue Aristide Bergès 38080 L'Isle d'Abeau,45.605986,5.219538,France
SYDEV,Laurent Favreau,3 rue du Maréchal Juin - CS 80040 85036 LA ROCHE-SUR-YON CEDEX,46.664303,-1.423451,France
CEA,Laurent ANTONI,CEA / Grenoble 38054 GRENOBLE,45.1913071,5.7141017,France
CNRS,Olivier JOUBERT,CNRS – Institut des matériaux Jean-Rouxel 44000 NANTES,,,
INERIS,Benno WEINBERGER,Parc Technologique ALATA - B.P. n° 2 60550 VERNEUIL-EN-HALATTE,49.269147,2.517054,France
FCLab,Marie-Cécile Péra,rue Thierry Mieg 90010 BELFORT,,,
H2MINES - Carnot M.I.N.E.S,Christian BEAUGER,"60, bd Saint-Michel - 75006 Paris",48.845632,2.339672,France
FR-H2,Olivier JOUBERT,"IMN, UMR 6502, CNRS-Université de Nantes, 2 rue de la Houssinière, BP 32229 44322 NANTES CEDEX 3",,,
AD-VENTA,Jean-Luc MUSSOT,140 rue du col des limouches 26300 CHATEAUNEUF SUR ISERE,45.020657,5.026965,France
SERTRONIC,Philippe LEGOIT,"Z.I. Nord, 3 rue des Ebénistes 77200 TORCY",48.847975,2.656823,France
Métropole Rouen Normandie,Alexandre BURBAN,14 bis avenue Pasteur CS 50589 76006 ROUEN CEDEX,,,
PLASTIC OMNIUM,Madame Beatrice LACOUT,42 rue Paul Vaillant-Couturier 92593 LEVALLOIS-PERRET,48.8963295,2.2847294,France
AXA,Xavier Mandefield,PARIS,48.71081305,2.207514769933362,France
Avere France,"112 quater rue Marcadet
75018 Paris",112 quater rue Marcadet 75018 Paris,48.8913322,2.3417503,France
Faurecia,Denis Ragot,"Centre technique de Bavans, Boi sur pré 25550 BAVANS",,,
BULANE,Nicolas JEREZ,"Ecoparc, 79 rue Mézière Christin 34690 FABREGUES",43.561393,3.794054,France
Région Grand Est,Marion Beaudouin,Place Gabriel Hocquard 57000 METZ,49.124462,6.175698,France
Sylfen,Nicolas BARDI,Sylfen - 266 avenue de Savoie  38570 Le Cheylas,45.383659,5.997274,France
Association Française des Gaz Comprimés,Frederic Fillet,14 rue de la République - Le Diamant A 92800 Puteaux,48.8866288,2.2445769,France
Alca Torda Applications,Isabelle TICOS,Centre d'Affaires Laroiseau - 1 rue Anita Conti - 56000 VANNES,47.6675882,-2.7841722,France
VDN H2,Nicolas UGALDE,4 avenue Laurent Cély 92600 ASNIERES SUR SEINE,48.9166573,2.3093804,France
SWAGELOK,Patrick Candala,"SWAGELOK LYON : Adresse : 4 rue Armand Peugeot, 69740 Genas - Mail : info@lyon.swagelok.com - 04 72 37 05 70   SWAGELOK PARIS : Adresse : 24 avenue de la Baltique, 91140 Villebon sur Yvette - Mail : info@swagelokparis.fr - 07 56 79 71 42",,,
LEMTA,Heathcliff DEMAIE,ENSEM - 2 Avenue de la Forêt de Haye - TSA 60604 54518 Vandoeuvre-lès-Nancy cedex,48.655432,6.133008,France
SNCF,Vincent DELCOURT,"Immeuble Le Jade, 1/3 avenue François Mitterrand 93210 LA PLAINE SAINT-DENIS",48.9180352,2.3565611,France
Gen-Hy,LE POLLES,"RUE DE LA SOIE, LOTS A5-A7 BP 881 94551 ORLY-AEROGARE CEDEX",48.735446,2.376101,France
SYNDICAT DEPARTEMENTAL D'ENERGIES DU TARN-TE81,Marialis GIRAUD BILLOUD,2 rue Gustave Eiffel – Zone Albitech 81000 ALBI,43.917669,2.16254,France
STEP-HYPE,Mathieu GARDIES,PARIS,48.71081305,2.207514769933362,France
CCI du Var,Hervé MOINE,Parc d’Activités du Plateau de Signes Centre de Vie - 429 Avenue de Paris 83870 SIGNES,43.260303,5.795442,France
Syndicat Mixte des Transports Artois-Gohelle,Fabrice SIROP,39 rue du 14 juillet 62000 Lens,50.4308313,2.8367879,France
Région Normandie,Mathilde BELHACHE,"Abbaye-aux-Dames, Place Reine Mathilde, CS 50523 14035 CAEN CEDEX 1",49.186593,-0.35391,France
LHYFE,Nolwenn Belleguic,182 rue Paul Bellamy 44000 NANTES,47.2309832,-1.5638083,France
ArianeGroup,Veyry Sébastien,Site du Haillan 33166 33166 Saint-Médard-En-Jalles,,,
Capenergies,Anne-Marie Perez / Sylvain Bremond,"Bât. Henri Poincaré Domaine Petit Arbois, Avenue Louis Philibert - CS 30658 13547 AIX EN PROVENCE CEDEX",43.516302,5.501305,France
TOP INDUSTRIE,José Taborda,79 rue Marinoni 77013 Vaux-le-Penil,48.535729,2.692933,France
PROVIRIDIS,Marc Buffenoir,135 Avenue Victoire 13790 Rousset,43.473604,5.609149,France
John Cockerill,Raphael Tilot,"1 rue Jean Potier 4100 Seraing, Belgique",,,
Terega,Marie-Claire Aoun,8 rue de l 'Hôtel de Ville 92200 NEUILLY SUR SEINE,48.8833602,2.2687767,France
Coénove,Bernard Aulagne,8 Terrasse Bellini 92800 Puteaux,48.886425,2.251741,France
H2SYS,Théophile Habermacher,19 rue Becquerel 90000 BELFORT,47.6437391,6.8436348,France
Morbihan Energies,Jo BROHAN,27 rue de Luscanen 56010 VANNES,47.6575312,-2.8041714,France
Redon Agglomération,Christophe BIDAUD,3 rue Charles Sillard 35600 Redon,47.6530372,-2.0931171,France
Région Nouvelle-Aquitaine,Gérard MAJEWSKI,"27, boulevard de la Corderie 87000 Limoges",45.8283074,1.2641001,France
Région Occitanie / Pyrénées-Méditerranée,Benjamin FEVRE,AD'OCC  La Cité - 55 avenue Louis Bréguet  31400 Toulouse,43.5770571,1.4790335,France
Collectivité européenne d'Alsace,Caroline Duong,100 Avenue d'Alsace BP 20351 68006 Colmar Cedex,48.0707949,7.3649904,France
Keolis,Bruno Lapeyrie,"116, cours Lafayette 69000 Lyon",45.7634824,4.8510226,France
CESAME-EXADEBIT,Henri Foulon,43 rue de l'Aérodrome 86000 Poitiers,46.586097,0.314484,France
Syndicat Mixte des Transports Urbains de Pau,Lucie Kempf,"Hôtel de France - 2, bis place Royale 64000 Pau",43.2914208,-0.3775933,France
Maximator-France,Christophe MONY,17 rue Parmentier 60290 Rantigny,49.324757,2.447303,France
Région Centre Val de Loire,"9 rue Saint-Pierre Lentin
45000 Orléans",9 rue Saint-Pierre Lentin 45000 Orléans,47.9011359,1.9095813,France
Région Bourgogne-Franche-Comté,"17 boulevard de la Trémouille
21000 Dijon",17 boulevard de la Trémouille 21000 Dijon,47.32595,5.0420325,France
Trifyl,Alex De Nardi,Route de Sieurac 81300 Labessière-Candeil,43.779505,2.049283,France
NORMANDIE ENERGIES,Valerie Rai-Punsola,C/o INSA Rouen Avenue de l’Université  BP 08 76800 Saint-Etienne-du-Rouvray,49.38491685,1.0720751301956055,France
Communauté de communes Touraine Vallée de l'Indre,Alain Esnault,"ZA ISOPARC, 6 place de Saint-Exupéry 37250 Sorigny",47.256613,0.693145,France
Région Hauts-de-France,Pierrick Allossery,151 Avenue du président Hoover 59555 Lille,50.6298965,3.0783251,France
BERHY,Guy Riolet,,16.3876268,73.7308816,
TotalEnergies,Vincent BORDMANN,Tour Coupole - 2 place Jean Millier 92078 Paris la Défense cedex,48.892403,2.242189,France
Hyundai,Jean NELSON,71 boulevard National La Garenne Colombes 92250 La Garenne Colombes,48.9059703,2.2385448,France
Réseaux Gaz naturel de Strasbourg (R-GDS),Olivier PISANI,"14, place des Halles 67000 Strasbourg",48.58739,7.7424979,France
RATP,Côme Berbain,54 quai de la Rapée 750012 Paris,48.842793,2.371999,France
Métropole Aix-Marseille-Provence,Béatrice ALIPHAT,"58, boulevard Charles Livon 13007 Marseille",43.292154,5.359134,France
EVOLEN,Romain PROVOST,39/41 rue Louis Blanc - CS 30080 92038 La Défense cedex,,,
Hydrogen Advisors,Raphaël SCHOENTGEN,Paris,48.71081305,2.207514769933362,France
Communauté d'Agglomération Caux Vallée de Seine,Marie-Annick LEROY,Allée de Catillon 76170 Lillebonne,49.521605,0.538512,France
Sakowin,Gérard Gatt,76 via Nova 83600 Fréjus,43.465801,6.731973,France
Le Mans Métropole,Patrick MAHOUE,"16, avenue François-Mitterrand, au Mans 72039 Le Mans",48.0050185,0.1996659,France
ENERKA,Karel HUBERT,"1 Rue Conrad Killian, 38950 Saint-Martin-le-Vinoux",45.206401,5.708801,France
NATUREO FINANCE,Christophe Rouvière,21 rue du Faubourg Montmartre 75009 PARIS,48.8731246,2.3429397,France
Blunomy Advisory,Matthew CLEARY,17-21 rue Saint-Fiacre 75002 Paris,,,
Hynamics - Groupe EDF,Christelle Rouillé,Carré Vert - rue Kléber 92300 Levallois-Perret,48.894027,2.284354,France
SAFRA,Jean-Christophe HOGUET,5 rue Copernic 81000 ALBI,43.917997,2.094143,France
Semardel,Denis DUPLESSIER,Ecosite Vert-le-Grand / Echarcon 91810 Vert-le-Grand,,,
Fabrication Conception et Essais (FCE),DAVID FLESIA,10 rue Jacques de Vaucanson 13500 Martigues,43.392824,5.035583,France
ENERTRAG,Département Hydrogène/Power-to-X,"9, mail Gay-Lussac 95000 Neuville sur Oise",49.014421,2.076547,France
Région Bretagne,LE MENN Maximilien,"283, avenue du général Patton 35000 Rennes",48.1347358,-1.6602951,France
Storengy,Yannick BONIN,12 rue Raoul Nordling 92200 Bois-Colombes,48.905715,2.264213,France
Automobile Club de l'Ouest (ACO),Pierre FILLON,Circuit des 24 Heures du Mans 72000 Le Mans,47.94702100000001,0.208726214127464,France
Ecole Nationale Sup. des Officiers de Sapeurs-Pompiers (ENSOSP),Lieutenant-colonel Laurent LECOMTE,1070 rue Lieutenant Parayre 13001 Aix-en-Provence,43.502295,5.361026,France
EODev (Energy Observer Developments),Jérémie Lagarrigue,27 Quai Duguay-Trouin 35400 SAINT-MALO,48.651923,-2.0148272,France
Siemens Energy,Houcine Hamdi,40 avenue des fruitiers 93527 Saint-Denis Cedex,48.92062,2.355079,France
HRS - Hydrogen Refueling Solutions,Olivier Dhez,Zone Artisanale des Viallards 38560 Champ-sur-Drac,45.064758,5.723876,France
GAUSSIN,Christophe Gaussin,11 rue du 47eme régiment d'artillerie 70400 HERICOURT,47.57293,6.754007,France
GEOMETHANE,Jean-Michel NOE,"2, rue des Martinets 92569 RUEL-MALMAISON",,,
VINCI ENERGIES,Geoffroy Deygas,"2169 Bd de la Défense, 92000 Nanterre",48.896916,2.229278,France
FillnDrive,Gilles Bourrat,130 rue Charenton 75012 PARIS,48.8459896,2.3795371,France
Pôle de Compétitivité DERBI,Isabelle GUICHARD,52 avenue Paul Alduy 66860 PERPIGNAN,42.6831667,2.900187,France
Valorem,Benjamin Le Gourierec,213 COURS VICTOR HUGO 33130 Bègles,44.8065873,-0.5597652,France
Région Sud / Provence-Alpes-Côte d’Azur,Anne CLAUDIUS-PETIT,Hôtel de Région - 27 place Jules Guesde 13000 Marseille,43.302286,5.374139,France
Région Ile-de-France,Yann WERHLING,"2, rue Simone Veil 93400 Saint-Ouen",48.912395,2.331462,France
Région Pays-de-la-Loire,Roland Marion,"1, rue de la Loire 44000 Nantes",47.2112644,-1.5259812,France
Transdev,Guillaume MILLER,3 Allée de Grenelle 92130 ISSY-LES-MOULINEAUX,48.8278064,2.2641219,France
ABB,Sébastien Meunier,"324, Rue du Chat Botté, CS20400 Beynost 01708 Miribel CEDEX",45.829422,4.991012,France
Montpellier Méditerranée Métropole,Fabien Blasco,50 place Zeus - CS 39556 34961 Montpellier cedex 02,43.5666759,3.8360691,France
HYCCO,Romain Di Costanzo,Incubateur IMT Mines d’Albi 81000 Albi,43.92209015,2.1780865993744323,France
Grand Port Maritime de Nantes Saint-Nazaire,Lucie Trulla,"18 quai Ernest Renaud, BP 18609 44186 Nantes Cédex 4",47.2055435,-1.5745678,France
ENSI Poitiers,Anthony Thomas,"Bâtiment B1, 1 rue Marcel Doré 86703 Poitiers Cedex 9",46.56847569999999,0.3838584530010254,France
Gaiadis,Hervé Buchert,"Bâtiment ARCOOP, 114 avenue de la Forêt 26000 Valence",44.918805,4.919927,France
Région Auvergne-Rhône-Alpes,Laurence Minne,1 esplanade François Mitterand 69269 Lyon Cedex 2,44.999753,10.735072,Italy
QAIR,"Jerome Billerey,","7Center - Immeuble l’altis - 521, rue Georges Méliès 34000 Montpellier",43.6059233,3.9204367,France
MGH,RICHARD Laurent,771 Avenue Alfred Sauvy - Les Corollys - 34470 PEROLS,43.579314,3.939569,France
ETNA INDUSTRIE,Thierry Beauchataud,8 rue grande ceinture 95100 Argenteuil,48.94938,2.260613,France
Oxygn,Marc Maionchi,6 rue trinquet 13002 Marseille,43.3004868,5.3715099,France
REGAZ-BORDEAUX,Anne-Florence CASTAING,211 Avenue Labarde 33070 Bordeaux Cedex,44.884427,-0.549937,France
EMITECH,Julien Floch,3 avenue des coudriers 78180 Montigny le Bretonneux,48.777003,2.020222,France
Emerson,Jérôme Desmoulieres,8 Impasse La Madelon 69800 Saint Priest France,45.7109835,4.9172053,France
Tours Métropole,Marc Kuntz,60 avenue Marcel Dassault 37206 Tours Cedex 3,47.3640004,0.6770911,France
DAM Group,Pierre PACOT,200 rue Léon Blum 69100 Villeurbane,45.762757,4.912945,France
Arkema France,Jean-Paul Moulin,420 Rue d'Estienne d'Orves 92700 Colombes,48.9086455,2.2295618,France
Vallourec,Vincent Designolle,12 rue de la Verrerie 92190 Meudon,48.820605,2.233734,France
Schlumberger,Olivier Peyret,42 rue Saint Dominique 75007 Paris,48.8599936,2.3109038,France
MOBHY,Jean-Michel Sylvestre,3 Place du Général de Gaulle 88000 Epinal,48.1791304,6.4413515,France
ATESyn,Claire-Emmanuelle Mercier,NAVASOL - EcoCentre d’Affaires - ZI Les Pignès Lot 28 09270 Mazères,43.227164,1.633501,France
Kouros France,Florent Bergeret,33 rue Galillée 75116 Paris,,,
METRA,Yannick Couturier,"15 Rue Gustave Eiffel, ZI Jarny Giraumont 54800 Jarny",49.155404,5.904076,France
H2TEAM,Nicolas Daudou,SEM EVEER'HY'PÔLE Bureau aérodrome d'Albi-Le Séquestre Circuit d’Albi 81990 LE SEQUESTRE,43.914786,2.1186274684747475,France
France Nouvelles Energies,Luc Poyer,40 rue Philibert Delorme 75017 Paris,48.88927,2.303582,France
AER Bourgogne-Franche-Comté (Agence Economique),Nathalie LOCH,46 avenue Villarceau  25 000 BESANCON,47.238286,6.014106,France
Norton Rose Fulbright,Anne Lapierre,40 rue de Courcelles 75008 Paris,48.8759634,2.3084421,France
Bureau Veritas Exploitation,Clément Poutriquet,"Le triangle de l'Arche, 8 cours du triangle 92937 La Défense Cedex",48.894244,2.236518,France
CIAM Europe Technologies,François Lefebvre,2 rue de la fonderie 44475 Carquefou,47.2665491,-1.4881299,France
Commune de Châteauneuf,Bernard Laget,218 Route du BAJARD 42800 CHATEAUNEUF,45.504984,4.615495,France
Elcimai,Francis PELMONT,3 rue de la brasserie Gruber 77000 Melun,48.526621,2.652735,France
Gazel Energie,Camille Jaffrelo,9 rue du débarcadère 92700 Colombes,48.9077068,2.232585,France
Kalliopé,Jocelyn Duval,98 Boulevard Malesherbes 75017 Paris,48.8814558,2.312079,France
Pôle de Plasturgie de l'Est,Mathieu Monville,"Bâtiment C2, Europort 57500 SAINT-AVOLD",49.140058,6.6967,France
Université de Corse,christian Cristofari,"Centre Scientifique de Vignola, Route des Sanguinaires 20000 AJACCIO",41.907408,8.678058,France
45-8 Energy,Thomas Guermont,4b rue François de Curel 57000 Metz,49.112029,6.177191,France
Pôle de Compétitivité S2E2,Jérôme Finot,PÔLE S2E2 - C/O ST MICROELECTRONICS 10 Rue Thalès de Milet 37071 TOURS CEDEX 2,47.431274,0.690589,France
REUNIR,Eric Ritter,81 rue saint Lazare 75009 Paris,48.8759316,2.3303682,France
Ingérop,Thomas Chambon,"11 Rue Verte, 63118 Cébazat",45.838709,3.117889,France
LAA France,Benoît Bouras,"Parc de Bachasson, bât C, Rue de la carrière de Bachasson 13590 MEYREUIL",,,
TechnipEnergies,Sébastien Viale,6-8 Allée de l’Arche 92973 Paris,,,
LNE,Soraya Amarouche,"1, rue Gaston Boissier 75724 PARIS Cedex 15 75724 Paris Cedex 15",48.829435,2.295313,France
Normandie Maritime,delphine lefrancois,8 rue leopold sedar senghor 14460 colombelles,49.18885,-0.304901,France
GIP Chemparc,Patrice Bernos,Bâtiment Chemstart‘Up – Allée Le Corbusier – Pôle 2 64170 LACQ,,,
SIEIL Indre-et-Loire,Sophie Nicolas,12-14 rue Blaise Pascal 37013 Tours Cedex 1,47.388653,0.692934,France
Laboratoire Cofix,Roger Serra,3 rue de la Chocolaterie 41000 BLOIS 41000 Blois,47.5839987,1.3249050985742623,France
BE green,Manon Lacaze,55 Rue Tabuteau 78530 Buc,48.7635082,2.1234302,France
SPAC,Gil Vilaça,Immeuble Axe Seine – 1 rue du 1er mai 92752 Nanterre Cedex,48.908478,2.212569,France
Valeco,Daniel VOJDANI,188 rue maurice béjart 34184 MONTPELLIER,43.6182105,3.824024,France
Antelia,Guillaume Trutt,ZA des Grandes Terres – 1305 Route de Lozanne 69380 Dommartin,45.8365597,4.6946382,France
NAE Normandie,Samuel Cutullic,745 avenue de l’université – Bâtiment CRIANN 76800 St Etienne du Rouvray,49.3853189,1.0695057028442645,France
ARTIS,Christophe Defresne,"Parc d'Activité des Estuaires, 309 avenue Lavoisier 44590 Derval",47.6447023,-1.6622592,France
Bretagne Développement Innovation,Philippe des Robert,1BIS ROUTE DE FOUGÈRES,47.498378,1.440557,France
CARA,Rémi Berger,1 Boulevard Edmond Michelet 69372 Lyon Cedex 8,45.732974,4.87872,France
FNTP,Dominique Chevillard,3 rue de Berri 75008 Paris,48.8718672,2.3029523,France
Lannion-Trégor Communauté,Florent Boudin,1 rue Gaspard Monge 22300 Lannion,48.7552166,-3.4517145,France
MAN Energy Solutions France SAS,Nicolas Bulot,Avenue de Chatonay – porte 7 - BP 427 44615 Saint Nazaire Cedex,,,
MADIC Group,Fabrice Chapelain,5 Impasse des Tourmalines 44300 Nantes,47.2608072,-1.4970804,France
MINCATEC Energy,Emmanuel Bouteleux,1 Avenue de la Gare TGV CS 10600  90400 Meroux-Moval,47.585301,6.897936,France
Plug Power Europe,Devon Hyver,1 Place Paul Verlaine 92100 Boulogne-Billancourt,48.8286797,2.2404739,France
Pyrocontrole,Sélène Dangoisse,6 bis avenue du Docteur Schweitzer 69881 Meyzieu Cedex,45.759214,4.896738494763466,France
Qairos Energies,Jean Foyer,Lieu-dit Les Chênes 72540 Mareil-en-Champagne,47.968439,-0.160766,France
Watson Farley & Williams,Laurent Battoue,28 avenue Victor Hugo 75116 Paris,48.8720214,2.2905934,France
IFPEN,Stéphane HENRIOT,Etablissement de Paris : 1 à 4 avenue de Bois Préau - 92852 Rueil Malmaison Cedex / Etablissement de Lyon : Rond-point de l'échangeur de Solaize - BP 3 - 69360 Solaize,48.8766026,2.1736995,France
Air Products,Pascal Legrand,"45 avenue Victor Hugo Bâtiment 270, Parc des Portes de Paris 93300 Aubervilliers",,,
Alfa Laval,Christophe Leveque,97 avenue Borodine 69792 Saint Priest,,,
AXELERA,Frédéric Laroche,Rond-point de l’échangeur – Les Levées 69360 Solaize,,,
Cirtem,Nicolas Carrie,"4 Avenue Louis Blériot, ZA Val de Saune 31570 Sainte-Foy d’Aigrefeuille",43.549849,1.593045,France
Elyse Energy,Benoit Decourt,69 rue de la République 69002 Lyon,45.7592594,4.8351816,France
EURETEQ,Nicolas Azan,37 rue Clarac 65000 Tarbes,43.2383785,0.0710554,France
GSE,Lionel Legouhy,"Parc d’Activités de l’Aéroport 310, Allée de la Chartreuse - CS 50051 84005 Avignon",43.902231,4.897186,France
H2X Ecosystems,Stéphane Paul,20 rue Louis Blériot 35170 Bruz,48.048083,-1.747063,France
SteelHy,Sophie Catuogno,4 CHEMIN DU DRAC-ZI DE L’ARGENTIERE 38360 SASSENAGE,,,
SPIE Industrie,Christophe Dormois,"4, avenue Jean Jaurès TSA 70017 69551 Feyzin",45.670098,4.852995,France
Vinci Construction Grands Projets,Hugues Seutin,5 cours Ferdinand de Lesseps 92500 Rueil-Malmaison,48.888873,2.1664323,France
AIRBUS PROTECT,Pierre Secher,36 rue Raymond Grimaud 31700 Blagnac,43.6409955,1.3703129,France
Groupe ADP,Yannael Billard,1 rue de France 93290 Tremblay-en-France,49.009606,2.554942,France
GEOSEL,François Billard,2 rue des Martinets 92569 Rueil-Malmaison,48.8867489,2.165228,France
Arhyze,Mathieu Coustets,281 rue de Vaugirard 75015 Paris,48.839419,2.30157,France
ELOGEN,Jean-Baptiste CHOIMET,8 Av du Parana 91940 LES ULIS,48.680339,2.199973,France
Barriquand Heat Exchangers,Eric Pommier,9-13 rue Saint Claude 42300 Roanne,46.051678,4.072888,France
BCTG Avocats,Paul Elfassi,14 avenue Gourgaud 75017 Paris,48.8864464,2.2976787,France
FIVES,Robin LE CORRE,3 RUE DROUOT 750009 PARIS,48.872416,2.340163,France
REV/RETROFUTURE,Arnaud Pigounides,5 rue Cambon 75001 Paris,48.8665539,2.3253878,France
Pagoline Groupe,David BAUDET,Siège Social  3 Chemin des Pavillons 44800 SAINT HERBLAIN FRANCE,47.251969,-1.624745,France
GreenHy,Aurélie Gaudillère,81 rue de France 06000 Nice,43.6953009,7.2570888,France
La Plateforme Verte,Sylvie Perrin,9 rue Boissy d’Anglas 75008 Paris,48.8679395,2.3211581,France
Université Bretagne Sud,Marc JAOUEN,Université Bretagne-Sud 56100 Lorient,47.74200375,-3.3844048566298905,France
HYmpulsion,Jean-Christian Beaumont,59 rue Denuzière – CS 30018 69285 Lyon,45.742809,4.818124,France
ASA Hérault,Alain SZAFARCZYK,"Résidence le Rimbaud, Bât A, 577 Avenue du Professeur Louis Ravas 34080 Montpellier",43.6203981,3.8497157,France
Hynoé,Flavien PASQUET,"Les Docks, Atrium 10.2 Place de la Joliette 13002 Marseille",43.304477,5.366595,France
Urbasolar,Rémi Biron,75 Allée Wilhelm Roentgen 34000 Montpellier,43.6113108,3.9139055,France
Sud Robinetterie Industrie,Pascal Picard,279-305 Boulevard Danielle Casanova 13014 Marseille,43.334193,5.378315,France
Mestrole,Marc Lazzari,7 rue Gustave Eiffel ZI Jarny Giraumont 54800 Jarny,49.155404,5.904076,France
SGS,Marianne Kang,29 Avenue Aristide Briand 94110 Arcueil,48.8093427,2.3268665,France
Grand Port Maritime de Marseille,Stéphane Reiche et Sylvain Pichon,23 PLACE DE LA JOLIETTE 13002 MARSEILLE,43.304638,5.365541,France
DEMGY SPN,Nicolas JACQUEMIN,75 rue du rateau 93120 La Courneuve,48.924893,2.403701,France
ISTHY,Dominique Darne,1 rue de la gare TGV 90400 Meroux Moval,47.604036,6.871554,France
NOVARES,Jérôme Praizelin,9/11 Rue des Poissonniers  62300 Lens,50.454104,2.826387,France
BERIM,Didier Cachard,149 avenue Jean Lolive 93695 Pantin,48.8934298,2.4129427,France
BDR Thermea,Fabrice Shoshany,57 rue de la Gare 67580 Mertzwiller,48.8708633,7.677645,France
Sundyne International S.A.,Joël Heux,13-15 Boulevard Eiffel 21604 Longvic,47.282239,5.046225,France
Groupe GAMI,Sébastien Dabert,13 avenue du 24 Août 1944 69960 Corbas,45.6803602,4.9134951,France
Prebet & Fils,Benoit Prebet,14-16 rue Pierre Copel 42100 Saint-Etienne,,,
Eneralys,Franck Berger,36 avenue Hoche 75008 Paris,48.8757693,2.2993555,France
IFP School,Laetitia Salessy,228-232 avenue Napoléon Bonaparte 92500 Rueil Malmaison,48.877225,2.1728806,France
HydroGain,Jean Sornay,132 rue Bossuet  69006 Lyon,45.7684157,4.8575694,France
Airbus,Bruno Costes,1 Rond Point Maurice Bellonte 31707 Blagnac,43.626783,1.385495,France
Enerdata,Fabrice Poulin,47 avenue Alsace-Lorraine CS 90529 38027 Grenoble Cedex 1,45.189667,5.717846,France
CNPP Entreprise,Ronan Jezequel,Route de la Chapelle Reanville 27950 Saint Marcel,49.095195,1.42913,France
SUEZ,Hugues d'Antin,Tour CB21 - 16 Place de l'Iris 92400 Paris La Défense,48.889558,2.252382,France
Communauté d'Agglomération du Grand Albigeois,Roland Gilles,Parc François Mitterrand 81160 Saint-Juéry,,,
Ufip Énergies et Mobilités,Franck Chevallier,Les collines de l'Arche - Opéra C 76 route de la Demi-Lune 92800 Puteaux,48.89385,2.237727,France
Blue Spirit Aero,Olivier Savin,11 rue Amédée Bollée 92500 Rueil-Malmaison,48.8883958,2.1708301,France
ADF Industrial Solutions,Philippe Dumond,Chemin de la Bastide Blanche BAT G 13127 Vitrolles,43.430237,5.266606,France
ALSTOM,Stéphane Kaba,48 rue Albert Dhalenne 93482 Saint-Ouen-sur-Seine,48.914934,2.330397,France
Kelvion Thermal Solutions,Olivier ROBERT,25 rue du ranzai 44300 Nantes,47.249262,-1.523778,France
Messer France,Jérémie Cohen,24 Quai Gallieni - CS 90040 92156 Suresnes,48.8707708,2.2316273,France
Air Flow,Pierre Fiat,1200 avenue Olivier Perroy 13790 Rousset,43.470614,5.598779,France
Dream Energy,François Roulet,52 avenue Georges Clémenceau 78110 Le Vesinet,48.888558,2.12951,France
Hymoov,John Bilheur,31 BD de Cadréan 44550 Montoir-de-Bretagne,47.318974,-2.155382,France
MANERGY,Etienne Duvoisin,1 rue Séjourné 94000 Créteil,48.767962,2.473463,France
Communauté d'Agglomération du Grand Angoulême,Franck Giannelli,25 Boulevard Besson Bey 16023 Angoulême,45.6586325,0.1608784,France
KSB,Representative information not found,Address information not found,,,
CETIM,Christophe CHAMPENOIS,52 avenue Felix-Louat CS80067 60304 Senlis Cedex,49.203661,2.606838,France
LOXAM,Cédric Conrad,Rue Félix Pyat 92043 Puteaux La Défense,48.888829,2.234133,France
Avions Mauboussin,David Gallezot,30 rue Edouard Branly 90000 Belfort,47.6451504,6.8427685,France
CNES,Patrick Burdaszewski,CNES/DLA/SDS/PE 18 avenue Edouard Belin 31401 Toulouse,,,
Clean Horizon Consulting,Kréhi Serge Agbli,12 rue de la Chaussée d’Antin 75009 Paris,48.8719642,2.3338448,France
JFB Consulting,Stéphane Bouju,26 Boulevard Jean Jaurès 92100 Boulogne,48.8432649,2.2379122,France
Verso Energy,Mathieu Pélissier,49 bis avenue Franklin D. Roosevelt 75008 Paris,48.87013,2.309885,France
XYDROGEN,Xavier SAUGE,ZI TECHNOLAND 1  - 75 Avenue Oehmichen - 25460 ETUPES (FRANCE),47.5139454,6.8697005,France
LINDE,Damien Sage,"Linde France S.A. Les Jardins du Lou – bâtiment 5, 70 avenue Tony Garnier, CS 70021 69304 Lyon Cedex 07",45.726377,4.833304,France
Spie Batignolles,Khalil Achkar,8 rue Victor Noir 92521 Neuilly-sur-Seine Cedex,48.8815525,2.2664462,France
SIGEIF,Christophe Provot,64 bis rue de Monceau  75008 Paris,48.8788451,2.3132154,France
Le Havre Seine Métropole,Alexandre Ruiz,19 rue Georges Braque CS 70854 76085 Le Havre Cedex,49.495033,0.104816,France
Transports en commun de l'Agglomération Troyenne (TCAT),Jean-Pierre Gyéjacquot,20 rue aux Moines 10901 Troyes,48.306622,4.087352,France
UTAC,Jérôme Paschal,"Autodrome de Linas-Montlhéry, Avenue Georges Boillot 91310 Linas",48.626304,2.251621,France
Sébastien Thomas,Sébastien THOMAS,ENTECH SE ZA de Menez Prat 11 allée Jean-François de la Pérouse,47.616768,-64.812191,Canada
Voies Navigables de France,Cécile Cohas,175 Rue Ludovic Boutleux 62400 Béthune,50.529714,2.63487,France
Syndicat Départemental de la Manche,"11 rue Dame Denise
50008 Saint Lo Cedex",11 rue Dame Denise 50008 Saint Lo Cedex,49.116518,-1.095162,France
SWIFT,Alena Fargère,22 rue Vernier 75017 Paris,48.8840622,2.2909643,France
ABO Wind,Patrick Bessière,2 rue du libre échange 31500 Toulouse,43.6126826,1.4583119,France
APAVE,Vincent Dallemagne,6 rue du Général Audran 92400 Courbevoie,48.889879,2.254564,France
Alpiq,Ralph Dassonville,Ch. de Mornex 10 CH - 1001 Lausanne (Suisse),46.518746,6.628594,Switzerland
GRDF,Thomas MULLER - Directeur Hydrogène / Julien MORESMAU - Coordinateur National Projets Hydrogène,6 rue Condorcet 75009 Paris,48.8795691,2.3484703,France
JCB SAS,Philippe Girard,3 rue du Vignolle 95200 Sarcelles,48.987572,2.387014,France
Sia Partners,Charlotte DE LORGERIL,21 rue de Berri 75008 Paris,48.8728426,2.3047888,France
Groupe Petit Forestier,Frédéric Vannson,11 route de Tremblai 93420 Villepinte,48.96453,2.538206,France
HYVIA,Jean-Christophe BEZIAT,42 Route de Beynes 78640 VILLIERS SAINT FREDERIC,48.817237,1.877881,France
Grand Port Maritime de Bordeaux,LE VAN KIEM Michel,"152 quai de Bacalan, CS 41320 33082 Bordeaux Cedex",44.863233,-0.5503014,France
Syntec Ingénierie,Emmanuel Ramfel,148 Boulevard Haussmann 75008 Paris,48.8753041,2.3120856,France
GFLOW,Sébastien Derbord,17 rue Louis Breguet 44600 Saint-Nazaire,47.3030347,-2.1882526,France
EPI,François BELLIER,15 Rue des Hauts Guibouts 94360 Bry-sur-Marne,48.829264,2.522516,France
Puget Production Mécanique,Jérôme Puget,1313 Route de petit Condal 71480 Condal,46.452547,5.265577,France
Wellington,Florent Blanc,170 Boulevard de la Villette 75019 Paris,48.880817,2.370548,France
Axens,Bruno Domergue,"89, bd Franklin Roosevelt 92508 Rueil-Malmaison – France",48.8791294,2.1660008,France
Hutchinson,Brice Gabrielle,Rue Gustave Nourry   45120 Chalette sur Loing,48.021883,2.71979,France
Equans,Bénédicte AMIEL,1 Place Samuel Champlain 92400 COURBEVOIE,48.89559,2.239661,France
Gazfio,Pierre Balsalobré,12 Chemin du moulin des Ponts 27610 Romilly Sur Andelle,49.325699,1.259386,France
Dintec,Bruno Lescher,3 rue Joseph Cholet 44100 Nantes,47.1995408,-1.5824859,France
Schneider Electric,Guillaume Cayeux,35 rue Joseph Monier 92500 Ruel-Malmaison,48.890891,2.172649,France
Accenture,Grégory Jarry,118 avenue de France 75013 Paris,48.8311187,2.3764903,France
HysetCo,Camille-Léa Passerin,103 rue Charles Michels – 93200 Saint-Denis,48.9286312,2.343926418704376,France
Suez Consulting,Thomas VOLKMAR,SAFEGE SAS – 15/27 rue du Port 92 022 Nanterre Cedex,45.318686,6.086087,France
CMP Arles,Jérôme Laurent,1 rue Nicolas Copernic 13200 Arles,43.696917,4.633606,France
Genevos SAS,Rebecca Sharp,8 rue Isabelle Autissier 17140 Lagord,46.1845933,-1.1462007,France
Green Corp Konnection,Sébastien de Chaunac,300 Route des Fabriques 73250 Saint Pierre d’Albigny,45.567561,6.146458,France
HSL Technologies,Marie Sorensen Guillaume,Avenue Louis Philibert Bâtiment Lavoisier Technopôle de l'environnement de l'Arbois,48.942611,2.618959,France
Borea,Jean-Philippe Burtin,16 rue ballu 75009 Paris,48.8818615,2.3304162,France
Qinomic,Frédéric Strady,"994, rue de la gare  ZI La Touloubre, Bat.B  13770 Venelles",43.582369,5.466524,France
ODZ Consultants,Cédric Mouty,63 Rue Andre Bollier 69007 Lyon,45.7345794,4.8317101,France
RWE Renouvelables,Cédric Turnaco,50 rue Madame de Sanzillon  92110 Clichy,48.903173,2.313523,France
HY24,Nicolas Brahy,69 rue de Richelieu 75002 Paris,48.8675371,2.3377392,France
Neot Green Mobility,Aurélien Achard,60 rue de la Chaussée d’Antin 75009 Paris,48.8749232,2.3325339,France
GH2,Thierry Robustelly,320 rue saint-honoré 75001 Paris,48.8653429,2.3312506,France
Régulateurs Georgin,Nicolas Copsidis,14-16 rue Pierre Sémard 92320 Chatillon,48.803063,2.29267,France
La Métropole Européenne de Lille,Aymeric Butin,2 boulevard des Cités Unies CS 70043 59040 Lille Cedex,,,
Améthyste,Agnès Gaillard,1 Chemin des Frémonts 14360 Trouville Sur Mer,49.37113,0.09058,France
FAYAT SAS,Antonin DUNAND,137 rue du Palais Gallien 33000 Bordeaux,44.8461177,-0.581917,France
Parker Hannifin France SAS,Marc Mendowski,142 rue de la forêt 74130 Contamine sur Arve,46.135941,6.332043,France
TRAPIL,Arnaud Lemaire,3-5 cours du Triangle 92800 PUTEAUX,,,
Genvia,Francis BESNARD,"Plaine Saint-Pierre, Avenue Joseph Lazare CS 10620  34535 Béziers Cedex",43.334578,3.222272,France
JL&P Engineering,Jonathan Leroy,Technopole de Montesquieu  1 All. Jean Rostand  33650 Martillac,44.713184,-0.581381,France
SERGI Transformer Protector,Antoine Magnier,48-52 Avenue des Châtaigniers  95150 Taverny,49.025617,2.188078,France
MP DATA Technologies,Romain Lafitte,39 rue de la saussière 92100 Boulogne Billancourt,48.8374517,2.2405908,France
AP2E,Etienne SMITH,"Les Méridiens, Bat A   240 Rue Louis de Broglie   CS90537   13593 Aix en Provence Cedex 03   France",43.488093,5.357675,France
BDO IDF,Delphine Chavinier,7 rue du Parc de Clagny  78000 VERSAILLES,48.809794,2.1401384,France
Aklea,Lionel Roche,29 rue de Bonnel 69003 Lyon,45.761732,4.8458117,France
E-NEO,Jérémy Cantin,ZA La Colonne 2  85260 LES BROUZILS,46.884758,-1.318799,France
FLAP Etanchéité & Services,Loic Flamant,50 Impasse des prunus  01150 Blyes,45.841097,5.263174,France
H2GREMM,Alain Rocheux,7 Z.A. de Langelin  29510 EDERN,48.101469,-3.983575,France
Kanda Consulting SAS,Samy Benoudiz,7 Ruelle du Lavoir  78240 AIGREMONT,48.9026882,2.0192126,France
Cannes Pays de Lérins,Frédéric Marandon,Hôtel de Ville  Place Bernard Cornut Gentille 06414 Cannes Cedex,43.551198,7.011657,France
Eurométropole de Metz,Lola Guilhendou,MAISON DE LA MÉTROPOLE 1 place du Parlement de Metz CS 30353 57011 Metz Cedex 1,49.107222,6.176868,France
Burckhardt Compression France,Edouard Blanquart,21/23 rue du Petit Albi 95800 Cergy,49.055523,2.034128,France
Acaplast,Karina Lowe,24 rue Erlanger  75016 Paris,48.8462682,2.2609682,France
HPC International,Frank Karg,Hôtel de Recherche – Centre Perharidy  29680 Roscoff,48.725289,-3.983073781956044,France
Meije Development,Gérard de Giovanni,23 Le Clos Baptiste 44 rue de Vinde 70170 La Celle St Cloud,48.851307,2.146464,France
Tuyaux Flexibles Rudolph,Denis Foscarin,1 à 15 rue du Fiant 78500 Sartrouville,48.938985,2.176967,France
CCI France - Réseau Chambre de Commerce et d'Industrie,Jade LAM-THAN,8-10 rue Pierre Brossolette CS 90166 92 309 Levallois-Perret Cedex,,,
Atlas Copco,Jean-Christophe Lecocq,14 avenue Louis Blériot  95740 Frépillon,49.04882,2.195279,France
Solutions Hydrogène,Louis Picard,8 rue de Madrid 90000 Belfort,47.635402,6.845222,France
Orléans Métropole,Thierry Ziero,5 Place 6 juin 1944 45000 Orléans,47.903678,1.917225,France
Atlantech,Christophe Philipponneau,8 rue Isabelle Autissier 17140 Lagord,46.1845933,-1.1462007,France
Coordef Ingénierie,Bertrand James,Immeuble le Véga – 5 rue de la Galmy 77700 CHESSY,48.855768,2.77158,France
Hensoldt Nexeya France,Loic Carre,"Golf-Park, 1 Rdpt du Général Eisenhower, Bâtiment F, 31100 Toulouse",43.578613,1.3649334,France
KALIES,Fabrice Braconnier,16 rue Louis Neel 59260 Lezennes,50.601626,3.136168,France
UCT Fluid Solutions - Ham-Let France,Jean-Noël Ayello,2736 Route de Ravel  69440 Mornant,45.620882,4.706405,France
ROTH2,Maxime Rousseau,43 Rue des Brosses 69780 Moins,45.676549,4.94769,France
INSTN,Pascal Revirand,"INSTN – CEA – Centre de Grenoble – UEFG – 17 avenue des Martyrs, 38054 Grenoble",45.20085,5.705959,France
BECICE,Benjamin Pavillon,21 rue Armand Saintis 82000 Montauban,44.023582,1.361629,France
Corsica Sole,Jean-Gabriel Steinmetz,CORSICA SOLE Village  20251 Pancheraccia,41.863851,16.172146,Italy
Manitou Group,Valentin Brehier,430 RUE DE L'AUBINIÈRE 44150 ANCENIS-SAINT-GEREON,47.3864631,-1.1846466,France
NGE,CAMPOY Alain,Parc d’Activités de Laurade – 13103 St Etienne du Grès,47.2454768,2.0681051,France
GREENVOLT POWER,Desbois Julie,"41, cours de la Liberté, 69003 Lyon",45.7590217,4.8426242,France
SARA (Société Anonyme de la Raffinerie des Antilles),COTTA Olivier,"Zone Industrielle Californie B.P. 436, 97 232 LE LAMENTIN Martinique",,,
DUFFAU,CRUSE Clément,11 avenue Pierre Corneille  33400 TALENCE,44.7885107,-0.5870365,France
IMING,MONTEILS Bastien,41 rue Périer  92120 Montrouge,48.8141073,2.3159705,France
SYSTEM C,Jean-François Vasta,2 allée de Chamillé ZI du Bois des Lots  BP 60038 26130 Saint-Paul-Trois-Châteaux,,,
GESIP,Hélène MOUMRIKOFF,"1, rue du Général Leclerc – 92800 PUTEAUX",48.8869625,2.2431841,France
FNCCR,Charles-Antoine GAUTIER,20 boulevard de Latour Maubourg 75007 PARIS,,,
Challans Gois Communauté,Sébastien Chauvin,1 Bd Lucien Dodin 85300 CHALLANS,46.8447336,-1.8794928,France
Département du Tarn,Carole Couhert,Lices Georges Pompidou 81013 ALBI Cedex 9,43.930179,2.147623,France
Corstyrène Energy,OUZINEB Estelle,4270 Route d’Antisanti 20270 ALERIA,42.113278,9.477144,France
SEVEN ENERGIES NOUVELLES,Cyrille RIDART,c/o Working Space Factory – immeuble ARENICE- 6ème étage – 455 Promenade des Anglais – 06200 NICE,43.66730725,7.213954957645832,France
HyFIT,Ciavaldini Bertrand,"299B route de la Plaine, 20220 Aregno",42.584523,8.882317,France
DEFHY,SORIANO David,61 rue Arsène d’Arsonval  30900 Nîmes,43.8137156,4.309113,France
MAZARS,Mathieu Mougard,61 rue Henri Regnault 92400 Courbevoie - France,48.892275,2.244325,France
ADECCO GROUP,Julia Pajot,"2 Rue Henri Legay, 69100 Villeurbanne, France",45.7591969,4.9163203,France
GREEN LAW AVOCATS,Stéphanie Gandet,"GREENOPOLIS B.06, 28 rue Berjon, 69009 Lyon",45.7768962,4.798147,France
Freget Glaser & Associés,Perrotet Sandrine,7 rue Royale 75008 Paris,48.8675715,2.3224497,France
TÜV SÜD FRANCE,Arthur Lopez,"42 Chemin du Moulin Carron, 69130 Écully",45.793238,4.7759018,France
MSA SAFETY FRANCE,Arnaud QUINQUENET,"Rue Pierre et Marie Curie, ZI Sud, BP 903, 01400 Châtillon sur Chalaronne",46.116369,4.946495,France
EFFICIENT HYDROGEN MOTORS,Didier ARENAL,PEPINERE D'ENTREPRISES 9 ZA DE TY NEVEZ POUILLOT 29150 CHÂTEAULIN,,,
MESURE PROCESS,Marcello VENTURI,"Z.I. Les Richardets - 33 rue du Ballon 93160 Noisy-le-Grand, France",48.833595,2.570921,France
AXONE,Barbara HUEL,Château de la Saurine – 1985 route de Martina – 13590 MEYREUIL,43.500629,5.512977,France
Conseil départemental de Seine-et-Marne,COUSIN Laurent,Hôtel du département 12 rue des Saints-Pères 77000 Melun,48.541173,2.656059496835443,France
Conseil départemental de Loir-et-Cher,Sébastien DEPEYRE,1 PLACE DE LA REPUBLIQUE,48.8663333,2.3645359,France
FRANCE SUPPLY CHAIN,MACREZ Valérie,140 bis rue de Rennes 75006 PARIS,48.8454723,2.3252535,France
SPEGNN,Stéphane ANDRIEU,"1 rue du Général Leclerc, 92800 PUTEAUX",48.8869625,2.2431841,France
EIFFAGE ENERGIE SYSTEMES,Laurent SEVAISTRE,3-7 place de l’Europe 78140  Vélizy-Villacoublay.,,,
TOULOUSE METROPOLE,Mathilde Cadic,6 rue René Leduc- BP 35821- 31505 TOULOUSE Cedex 5,43.611189,1.456189,France
CVE,Henriet Marion,5 place de la Joliette,43.3044809,5.3666047,France
EURODIFROID,Alexandre TRAINEAU,ZI SUZEROLLE - 49140 Seiches sur le Loir FRANCE,47.582978,-0.346804,France
HYNOLOGY SAS,Renaut MOSDALE,1 rue de l'Europe – 38640 CLAIX France,45.1217915,5.6891702,France
PROCESS SENSING TECHNOLOGIES,Benoit Bourbon,"1 rue Monseigneur Ancel, Bâtiment C 69800 Saint-Priest",45.71542,4.968694,France
ENSAM,Farid Bakir,"151 Bd de l'Hôpital, 75013 Paris",48.8337779,2.3575561,France
AIP,Yves Dujardin,4 avenue Hoche 75008 Paris,48.8777159,2.3040221,France
OLGHAM,Vanessa Marlier,56 route de Galembrun lieu-dit Thuin 31480 PELLEPORT,43.750098,1.130645,France
GD TECH FRANCE,Benoit Gicquel,Rue Hélène Boucher Site Aeropolis 64510 BORDES,,,
EGIS,SPILL Pierre,15 avenue du Centre CS50238 - GUYANCOURT- 78286 Saint-Quentin-en-Yvelines CEDEX FRANCE,50.462168,1.57377,France
FARWIND,Philippe BACLET,"1 Rue de la Noë, 44300 Nantes",47.24804,-1.550293,France
SMT,MOURAO Jaïme - SOBRINO Marcos,101 avenue des Erables - 94440 Santery - France,48.718333,2.566339,France
CB TRD,Svetlana GUIRAUDIOS,135 Boulevard Haussmann-75008 Paris,48.875031,2.3128989,France
JD MESURE,GIROTTI,"76, allée de Paris ZAC Les Playes 83500 LA SEYNE SUR MER (France)",43.11027145,5.849297208407172,France
SHIP ST,Laurent MERMIER,58 avenue de la Perrière 56100 LORIENT,47.7323762,-3.3636198,France
pHYnix,Alexis MORVAN,25 rue des Mathurins 75008 Paris,48.8731663,2.325804,France
GRAVITHY,Tristan MURCIA,10 Place DE LA JOLIETTE 13002 MARSEILLE,43.3053231,5.3658945,France
RHYDE,Jean-Michel Meunier,45 Place du dix-neuf octobre 19 110 Bort-les-Orgues,,,
SETRAM,Jean marc AYRAL,44 Avenue Pierre Piffault 72027 Le Mans,47.9768019,0.1760268,France
GECOS,Cédric LECINA,"La pointe Bleue, 1389 voie l’occitane, 31670 LABEGE",43.540756,1.51083,France
SOCOTEC,Thibaud Montbel,5 Place des Frères Montgolfier 782870 Guyancourt,48.786461,2.052965,France
ENERGIE TERRITOIRE CONSEIL,Julien CHAUVET,16 rue Victor Hugo 69002 LY0N,45.755558,4.830655,France
FORVATEC,"125 Route de la Couture, 72250, Parigné L’Evêque","125 Route de la Couture, 72250, Parigné L’Evêque",47.942298,0.355769,France
Laurent THERY,Laurent THERY,7 Avenue De Camoens,48.8597117,2.285756,France
Q ENERGY,Wael ELAMINE,"330 Rue du Mourelet, ZI de Courtine 84000 Avignon",43.932348,4.776752,France
Teledyne Oldham Simtronics,Régis Prévost,"Zi Est, Rue Mathieu Orfila, 62000 Arras France",50.286998,2.808374,France
THIOT INGENIERIE,Frédéric PACAUD,"830 route Nationale, 46130 PUYBRUN",,,
LAUGUICONCEPT,BERTRAND GASCOIN,"Siège : 47 bis rue Benoît Malon, 76300 Sotteville lès Rouen,  Les plateaux techniques CESL Zone Sud : RD 817 64170 Lacq CESL Zone Nord: Espace sécurité” : ZIP du Havre, 5459 route industrielle, 76430 Saint-Vigor d’Ymonville",,,
BOSCH,Denis REGARD,32 avenue Michelet 93400 Saint Ouen sur Seine,48.910935,2.34403,France
Universal Hydrogen Europe,Christelle GERS,35 rue Gabriel Clerc - H16 31700 Blagnac,43.623276,1.381559,France
SUNTEC INDUSTRIES,Nicolas GAUTHIER,1 Rue Lavoisier CS 60102 F-21603 LONGVIC CEDEX,47.282848,5.043382,France
INOCEL DEVELOPMENT,LEJOSNE Johann,"​8 Rue de Rochepleine, 38120 Saint-Egrève",45.241648,5.681157,France
CHEMDOC WATER TECHNOLOGIES,François CHAINE​,​9 rue du cardinal 34800 Clermont l'Hérault​,43.617492,3.454946,France
GREEN NAVY,CARDI Charles,Route de Port la Forêt 29940 La Forêt-Fouesnant,47.8984941,-3.9662086,France
INTHY,Dominique Darne,Address information not found,,,
HYXOS,Basile BOUQUET,"80, rue Saint Lazare, 75009 Paris",48.8760373,2.3297775,France
LA ROCHE SUR YON AGGLOMERATION,Patrick SUDRE,Address information not found,,,
HOWDEN FRANCE,Caroline HAQUET,13 Rue de la Fayette 75009 Paris,,,
UNIVERSITE MOHAMMED 6 POLYTECHNIQUE,Fahd Benkirane,19 RUE DE L’AMIRAL HAMELIN 75016 PARIS,48.8672098,2.2920402,France
SYNERGILES,Adrien VIELVOYE,"Immeuble France-Antilles Guadeloupe ZAC de Moudong Sud BAIE-MAHAULT GP 97122, Baie-Mahault 97122, Guadeloupe",,,
NAWA TECHNOLOGIES,Guillaume MAISONNEUVE,Avenue Louis Philibert Technopôle Arbois Méditerranée 13 100 Aix en Provence,43.4913182,5.3339706,France
SYNOPS CONSEIL,Amaury VAUSSANVIN,7 place de Darcy – 21000 DIJON,47.323175,5.034336,France
SAINT MALO AGGLOMERATION,Corentin CARIOU,6 Rue de la Ville Jégu -bp 11 - 35260 Cancale,48.674229,-1.866056,France
NANTES METROPOLE,Hervé Jaigu,2 Cours du Champs de Mars - 44923 Nantes,47.213797,-1.544258,France
DIJON METROPOLE,Jean Patrick MASSON,Address information not found,,,
GAZ DOM,Cedric DAIRE,Z.I. Champigny 97224 DUCOS (Martinique),,,
COGNE FRANCE,Jean Philippe JOURDAN,16 rue de la patelle-bp-80119- 95613 Cergy Pontoise,49.0435631,2.0331125,France
METROPOLE DE LYON,Guillaume EYNARD,"20, rue du Lac CS 33569 69505 Lyon cedex 03",45.758093,4.8544,France
AVENTECH,Sébastien CERISE,"8 Allée Charles Baron, 26000 Valence",44.8918596,4.8890221,France
SAPAIC MOTEURS BERNARD,Xavier BERNARD,"​17 ch Champ-Grillet, 69650 Quincieux ZI​",,,
RH2,David MOURRE,"AUXR LAB, RUE DES PLAINES DE L'YONNE, 89000 AUXERRE",47.788991,3.593093,France
JOMI LEMAN,Ignacio VELASCO,1115 Route de Saint Thomas 26190 La Motte-Fanjas,45.052135,5.266724,France
I.M.O.2S,Thibault POINSENET,1 bis avenue François Adam 94100 Saint Maur des Fosses,48.7929792,2.4897216,France
LORIENT AGGLOMERATION,Laurent LE DEVEDEC,Lorient Agglomération 20001 56314 Lorient cedex,47.74419055,-3.3510757150270774,France
Conseil Départemental de la Lozère,Gérard COGNET,4 RUE DE LA ROVERE BP 24 48001 MENDE CEDEX,44.517801,3.49862,France
Seine Normandie Agglomération,Pascale GROS DUBOIS,12  rue de la Mare à Jouy 27120 DOUAINS,49.06171,1.419436,France
DEMATHIEU BARD BATIMENT ILE DE FRANCE,Patrick TRIOULET,36 rue du Séminaire - BâtimentG5C - 94550 CHEVILLY LARUE,48.761092,2.362603,France
3 AXES,Béatrice Peigné,199 RUE DE LA BOUGRIERE- 44980 SAINTE LUCE SUR LOIRE -,47.2647203,-1.4766609,France
Green HYdrogen Gas Applications,Pierre MACCIONI,1800 Route des Eymards 26260 Margès,45.133524,5.024987,France
ENERGY FORMATION,Mathieu Thouseau,La Croix Gaudin - 44 360 Saint-Etienne-de-Montluc,47.27548,-1.855396,France
Communauté d'agglomération de l'Auxerrois,Emmanuel Jobard,"6 bis place du maréchal Leclerc, 89010 Auxerre cedex",47.7953193,3.5700015,France
CLARKE ENERGY FRANCE,Aurel HIRON,"111 rue Marcel Dassault, ZAC des Chabauds, 13320 Bouc Bel Air, France",43.426607,5.391061,France
SOGESTRAN,Representative information not found,Address information not found,,,
HPP SYSTEMS,Michel POITRENAUD,"5, rue de Rambouillet – 59400 CAMBRAI",50.1888651,3.2447671,France
HYCARGO,Hugues MATHOT,"11 rue Surcouf, 75007 Paris, FRANCE",48.8614732,2.3094654,France
FIDAL,Emma PETRINKO,2 rue de la Mabilais 35042 Rennes cedex,48.1067605,-1.6942267,France
JACIR,Wilfried LETEURTOIS,11 rue Jean Moulin 77348 Pontault Combault,48.786199,2.598484,France
PROMETHYS ENGEENERING,Sylvain PASSOT,"33 rue, Jean Jaurès 38760 VARCES ALLIERES ET RISSET",45.087869,5.679874,France
FIELDBOX,Karine Mariani,Quai Armand Lalande 33000 Bordeaux,44.8624064,-0.5554229,France
VASCO PARTNERS,142 boulevard Pereire 75017 Paris,142 boulevard Pereire 75017 Paris,48.8837077,2.2944341,France
Groupe SNEF,Paul BROSSIER,2b boulevard Euro méditerranée Quai d’Arenc 13002 MARSEILLE,43.359119,5.434218,France
CHEMOURS FRANCE,Patrick REDON,Rue Frédéric Kuhlmann 60871 Vilers-Saint-Paul,,,
VALLEE SUD HYDROGENE,Richard LAURENS,Address information not found,,,
Communauté de Communes Du Golfe de Saint-Tropez,François ORY,Address information not found,,,
TEREGA SOLUTIONS,Lucie KEMPF,40 Avenue de l'Europe CS 2522 64010 Pau,,,
ELLIPSE GROUP,Lecomte  Mathilde,"305 Avenue le Jour se Lève, 92100 Boulogne",48.834484,2.256997,France
POEZL,Bruno Pierrine,"30 rue Francis de Pressensé, 11100 Narbonne",43.1919896,3.0117964,France
FEDA,Bertrand Thorette,10 Rue Pergolèse 75116 Paris,48.8755937,2.2854967,France
LYCEE MARITIME DE BASTIA,Julien Cometto,"Lycée Maritime de Bastia - Liceu Marittimu di Bastia, Rue des Turquines, 20200 Bastia, France",42.693062,9.452202,France
