"Lat","Lon","Name","Full Address","Address","ZIP","City","Country"
48.79755,2.627126,"A GIACOMINI SA","PARC DE PONTILLAULT, RUE DE ROME, 77340, Seine-et-Marne, Frankreich","PARC DE PONTILLAULT, RUE DE ROME","77340","PONTAULT COMBAULT","France"
40.428778,-3.691921,"ABEI ENERGY","Calle Monte Esquinza 24, 5º izquierda",NA,NA,NA,"Spain"
48.8462682,2.2609682,"Acaplast","24 rue Erlanger  75016 Paris",NA,NA,NA,"France"
48.8311187,2.3764903,"Accenture","118 avenue de France 75013 Paris",NA,NA,NA,"France"
40.51632895,-3.65920519968079,"ACCIONAPLUG S.L.","Avenida de Europa 10, PE La Moraleja, Alcobendas, Madrid, 28108, Spain",NA,NA,NA,"Spain"
40.337085,-3.812524,"ACLIMAR","POLVORANCA 138 28923 ALCORCON MADRID",NA,NA,NA,"Spain"
40.6039019,-3.71845229366829,"AeH2","Ronda de Poniente,15, 1º Int. Izda. Tres Cantos, Madrid, 28760, Spain",NA,NA,NA,"Spain"
40.4190215,-3.7036459,"AFRY Management Consulting","Pl. del Marqués de Salamanca, 3, Salamanca, 28006 Madrid, Spain",NA,NA,NA,"Spain"
48.8777159,2.3040221,"AIP","4 avenue Hoche 75008 Paris",NA,NA,NA,"France"
48.8618312,2.3045629,"AIR LIQUIDE HYDROGENE","6 RUE COGNACQ JAY, 75007, Paris, Frankreich","6 RUE COGNACQ JAY","75007","PARIS","France"
40.4475159,-3.6926919,"AIR LIQUIDE Spain","Paseo de la Castellana, 79, 28046, Madrid",NA,NA,NA,"Spain"
48.9022393,2.3695304,"AIR PRODUCTS France","BAT 221 PARC DES PORTES PARIS BAT 270, 45 AVENUE VICTOR HUGO, 93300, Seine-Saint-Denis, Frankreich","BAT 221 PARC DES PORTES PARIS BAT 270, 45 AVENUE VICTOR HUGO","93300","AUBERVILLIERS","France"
48.891914,2.25262,"AIRE NOUVELLE","49 RUE LOUIS BLANC, 92400, Hauts-de-Seine, Frankreich","49 RUE LOUIS BLANC","92400","COURBEVOIE","France"
40.467227,-3.688012,"AL AIR LIQUIDE ESPAÑA, SA","CALLE AGUSTIN DE FOXA, 4 PLANTA 4, 28036, Madrid, Spanien","CALLE AGUSTIN DE FOXA, 4 PLANTA 4","28036","MADRID","Spain"
51.5142534,-0.1117964,"Alcazar","7 Bell Yard, London, WC2A 2JR",NA,NA,NA,"United Kingdom"
48.887919,2.244068,"ALDER HOLDINGS SAS","23 27 TOUR DEFENSE PLAZA, 23 RUE DELARIVIERE LEFOULLON, 92800, Hauts-de-Seine, Frankreich","23 27 TOUR DEFENSE PLAZA, 23 RUE DELARIVIERE LEFOULLON","92800","PUTEAUX","France"
40.530649,-3.65027910738059,"Alfa Laval Iberia SA","C. de Francisco Gervás, 4, 2ª planta, 28108 Alcobendas, Madrid, Spain",NA,NA,NA,"Spain"
48.914934,2.330397,"ALSTOM France","48 rue Albert Dhalenne 93482 Saint-Ouen-sur-Seine",NA,NA,NA,"France"
40.4446517,-3.658039,"ALSTOM Spain","Calle Martínez Villergas 49 - Edificio V, 28027 Madrid, Spain",NA,NA,NA,"Spain"
40.409318,-3.6702447,"Andersen","C. de Velázquez, 108, 110, Salamanca, 28006 Madrid, Spain",NA,NA,NA,"Spain"
51.51872695,-0.105631590900942,"Anglo American","17 Charterhouse St, London, EC1N 6RA",NA,NA,NA,"United Kingdom"
51.520422,-0.100566,"ANGLO AMERICAN CAPITAL AUSTRALIA LIMITED","17 CHARTERHOUSE STREET, EC1N 6RA, London EC1N, Vereinigtes Königreich","17 CHARTERHOUSE STREET","EC1N 6RA","LONDON","United Kingdom"
40.495332,-3.732937,"ANISOL Equipos SL","Rascafría, 3. - Pol. Ind. Ventorro del Cano -28925 Alcorcón (Madrid)",NA,NA,NA,"Spain"
40.429222,-3.693774,"Antuko Comercialización Sucursal España","C/ Almagro 22, 5ta Planta, 28010, Madrid",NA,NA,NA,"Spain"
40.4313894,-3.6834396,"Aon","C. de Velázquez, 86D, Salamanca, 28006 Madrid, Spain",NA,NA,NA,"Spain"
48.889879,2.254564,"APAVE","6 rue du Général Audran 92400 Courbevoie",NA,NA,NA,"France"
40.448536,-3.580917,"Applus+","Calle Campezo 1, Parque Empresarial Las Mercedes, edificio 3",NA,NA,NA,"Spain"
48.839419,2.30157,"Arhyze","281 rue de Vaugirard 75015 Paris",NA,NA,NA,"France"
40.6039019,-3.71845229366829,"ARIEMA ENERGÍA Y MEDIOAMBIENTE S.L.","C/ Ronda de Poniente 15, 1º Planta Izquierda B  28760 Tres Cantos, Madrid",NA,NA,NA,"Spain"
40.425628,-3.716995,"ARILA ENERGIA RENOVABLE SL.","CALLE FERRAZ, 3 PISO 2 OFICINA 4, 28807, Madrid, Spanien","CALLE FERRAZ, 3 PISO 2 OFICINA 4","28807","ALCALA DE HENARES","Spain"
48.9086455,2.2295618,"ARKEMA FRANCE","420 RUE D ESTIENNE D ORVES, 92700, Hauts-de-Seine, Frankreich","420 RUE D ESTIENNE D ORVES","92700","COLOMBES","France"
40.46664,-3.671313,"ARMONIA GREEN GALICIA SL.","CALLE CARDENAL MARCELO SPINOLA, 4 1, 28016, Madrid, Spanien","CALLE CARDENAL MARCELO SPINOLA, 4 1","28016","MADRID","Spain"
48.8759316,2.3303682,"ARTELYS SAS","81 rue Saint Lazare, Paris, 75009, France",NA,NA,NA,"France"
40.4884228,-3.67071882221386,"ARVENG TRAINING & ENGINEERING","Av. de Manoteras, 10. Edificio B, Oficina 111, Madrid (28050), España.",NA,NA,NA,"Spain"
40.438905,-3.621147,"Asea Brown Boveri S.A.","San Romualdo 13, 28037, Madrid",NA,NA,NA,"Spain"
48.8866288,2.2445769,"Association Française des Gaz Comprimés","14 rue de la République - Le Diamant A 92800 Puteaux",NA,NA,NA,"France"
40.4353467,-3.6863216,"ATAWEY SAS","Calle Serrano 110, 28006, Madrid",NA,NA,NA,"Spain"
48.8530191,2.3896788,"ATH","9 RUE ALEXANDRE DUMAS, 75011, Paris, Frankreich","9 RUE ALEXANDRE DUMAS","75011","PARIS","France"
40.4334073,-3.6729877,"Atlantica Sustainable Infrastructure","Calle Francisco Silvela 42, 28028 Madrid",NA,NA,NA,"Spain"
49.04882,2.195279,"Atlas Copco","14 avenue Louis Blériot  95740 Frépillon",NA,NA,NA,"France"
40.416997,-3.689251,"Avalon Renovables","Calle Alfonso XII, nº 20, 28014, Madrid",NA,NA,NA,"Spain"
48.8913322,2.3417503,"Avere France","112 quater rue Marcadet 75018 Paris",NA,NA,NA,"France"
48.8712949,2.3136468,"AXA","25 Avenue Matignon, Paris, Ile-de-France, 75008",NA,NA,NA,"France"
48.8791294,2.1660008,"Axens","89, bd Franklin Roosevelt 92508 Rueil-Malmaison – France",NA,NA,NA,"France"
40.5317418,-3.6451995,"Baltimore Aircoil Int nv","Carretera de Fuencarral, 44 CAMPUS TRIBECA Edificio 1 Bajo izquierda",NA,NA,NA,"Spain"
40.4280498,-3.6969517,"BAYWARE","C. de Sagasta, 31, planta 4, Chamberí, 28004 Madrid, Spain",NA,NA,NA,"Spain"
48.8864464,2.2976787,"BCTG Avocats","14 avenue Gourgaud 75017 Paris",NA,NA,NA,"France"
48.809794,2.1401384,"BDO IDF","7 rue du Parc de Clagny  78000 VERSAILLES",NA,NA,NA,"France"
48.7635082,2.1234302,"BE green","55 Rue Tabuteau 78530 Buc",NA,NA,NA,"France"
40.4497288,-3.6678545,"Benbros Energy","C/ GUSTAVO FERNANDEZ BALBUENA, 11 28002 MADRID",NA,NA,NA,"Spain"
48.8934298,2.4129427,"BERIM","149 avenue Jean Lolive 93695 Pantin",NA,NA,NA,"France"
48.8883958,2.1708301,"Blue Spirit Aero","11 rue Amédée Bollée 92500 Rueil-Malmaison",NA,NA,NA,"France"
48.8705336,2.34565,"Blunomy Advisory","17-21 Rue Saint-Fiacre, 75002 Paris, France",NA,NA,NA,"France"
48.8346536,2.289455,"BONACIEUX ENERGIES","24 RUE AUGUSTE CHABRIERES, 75015, Paris, Frankreich","24 RUE AUGUSTE CHABRIERES","75015","PARIS","France"
48.8818615,2.3304162,"Borea","16 rue ballu 75009 Paris",NA,NA,NA,"France"
40.4277341,-3.6143633,"Bosch España","C. de los Hermanos García Noblejas, 19, San Blas-Canillejas, 28037 Madrid, Spain",NA,NA,NA,"Spain"
48.910935,2.34403,"BOSCH France","32 avenue Michelet 93400 Saint Ouen sur Seine",NA,NA,NA,"France"
40.497024,-3.671645,"bp Energía España","C. de Quintanadueñas, 6, 2°, Fuencarral-El Pardo, 28050 Madrid, Spain",NA,NA,NA,"Spain"
49.055523,2.034128,"Burckhardt Compression France","21/23 rue du Petit Albi 95800 Cergy",NA,NA,NA,"France"
40.53084235,-3.65455204927754,"BUREAU VERITAS","Calle Valportillo Primera, 22-24, Edificio Caoba, Pol. Ind. La Granja, 28108 Alcobendas, Madrid",NA,NA,NA,"Spain"
48.894244,2.236518,"Bureau Veritas Exploitation","Le triangle de l'Arche, 8 cours du triangle 92937 La Défense Cedex",NA,NA,NA,"France"
48.889323,2.2513,"Bureau Veritas Marine & offshore","Tour Alto, 4 place des saisons, Courbevoie, 92400, France",NA,NA,NA,"France"
51.5143313,-0.107070788363636,"Burges Salmon","One Glass Wharf, Bristol, BS2 0ZX Atria One, 144 Morrison Street, Edinburgh, EH3 8EX 6 New Street Square, London, EC4A 3BF",NA,NA,NA,"United Kingdom"
40.477606,-3.730444,"BUROTEC CONSULTORÍA TÉCNICA S.L.","AVENIDA CARDENAL HERRERA ORIA 326 A-B MADRID 28035",NA,NA,NA,"Spain"
48.83716,2.370488,"Caisse des Dépôts","72, avenue Pierre Mendès France 75914 PARIS CEDEX 13",NA,NA,NA,"France"
40.420088,-3.807223,"CAPITAL ENERGY","P.º Club Deportivo, 1, Edificio 13, 28223 Pozuelo de Alarcón, Madrid, Spain",NA,NA,NA,"Chile"
40.418934,-3.801181,"CAPITAL ENERGY ENGINEERING SL.","PASEO DEL CLUB DEPORTIVO (EDIF. 13), 1, 28223, Madrid, Spanien","PASEO DEL CLUB DEPORTIVO (EDIF. 13), 1","28223","POZUELO DE ALARCON","Spain"
40.397706,-3.684414,"CARTAGENA HYDROGEN NETWORK SL.","CALLE MENDEZ ALVARO, 44, 28045, Madrid, Spanien","CALLE MENDEZ ALVARO, 44","28045","MADRID","Spain"
48.875031,2.3128989,"CB TRD","135 Boulevard Haussmann-75008 Paris",NA,NA,NA,"France"
48.8949394,2.2914384,"CCI France - Réseau Chambre de Commerce et d'Industrie","8-10 Rue Pierre Brossolette, 92300 Levallois-Perret, France",NA,NA,NA,"France"
48.8476256,2.2640027,"Centre National de la Recherche Scientifique (CNRS)","CNRS Rue Michel-Ange 3, 75016, Ile-de-France France",NA,NA,NA,"France"
40.455309,-3.729482,"Centro De Investigaciones Energeticas, Medioambientales y Tecnologicas (CIEMAT)","Av. Complutense, 40, 28040 Madrid, Spain",NA,NA,NA,"Spain"
40.4757164,-3.68775099676074,"Cepsa S.A.","Paseo de la Castellana 259A",NA,NA,NA,"Spain"
40.593092,-3.5455722,"Cetil Dispensing Technology, S.L.","Pelaya, 37, 28110 Algete (Madrid)",NA,NA,NA,"Spain"
40.4506761,-3.6914724,"CETREN","PASEO DE LA CASTELLANA, 91. PLANTA 10 28046, MADRID",NA,NA,NA,"Spain"
51.5092422,-0.1409924,"Chariot Green Hydrogen Ltd.","19-21 Old Bond Street, London, W1S 4PX, United Kingdom",NA,NA,NA,"United Kingdom"
48.685061,2.217322,"CHROMOPTIC","ZAC DE VILLEJUST, AVENUE AVENUE DES 2 LACS, 91140, Essonne, Frankreich","ZAC DE VILLEJUST, AVENUE AVENUE DES 2 LACS","91140","VILLEJUST","France"
40.455309,-3.729482,"CIEMAT","Av. Complutense, 40, 28040 Madrid",NA,NA,NA,"Spain"
40.458236,-3.684418,"Circle Energy","Avda. Alberto Alcocer 24 , piso 7 , 28036 - Madrid",NA,NA,NA,"Spain"
48.970462,2.306688,"CKC ETERNAL ENERGY","44 RUE DU GENERAL DE GAULLE, 95880, Val-d'Oise, Frankreich","44 RUE DU GENERAL DE GAULLE","95880","ENGHIEN LES BAINS","France"
48.8719642,2.3338448,"Clean Horizon Consulting","12 rue de la Chaussée d’Antin 75009 Paris",NA,NA,NA,"France"
40.466701,-3.670868,"COBRA IS","Cardenal Marcelo Spinola 6- Madrid",NA,NA,NA,"Spain"
48.886425,2.251741,"Coénove","8 Terrasse Bellini 92800 Puteaux",NA,NA,NA,"France"
49.0435631,2.0331125,"COGNE FRANCE","16 rue de la patelle-bp-80119- 95613 Cergy Pontoise",NA,NA,NA,"France"
48.8399972,2.2737149,"Commissariat à l'énergie atomique et aux énergies alternatives (CEA)","Rue Leblanc 25, 75015, Paris, France",NA,NA,NA,"France"
40.4371769,-3.6816333,"Confederación Española de Empresarios de Estaciones de Servicio (CEEES)","Calle de Núñez de Balboa, 116, 3ª planta, 28006 Madrid",NA,NA,NA,"Spain"
48.8663333,2.3645359,"Conseil départemental de Loir-et-Cher","1 PLACE DE LA REPUBLIQUE",NA,NA,NA,"France"
40.4409945,-3.6878876,"CONSEJO SUPERIOR DE INVESTIGACIONES CIENTÍFICAS (CSIC)","C. de Serrano, 117, Chamartín, 28006 Madrid, Spain",NA,NA,NA,"Spain"
40.4332193,-3.6876122,"Copenhaguen Infrastructure Partners","P.º de la Castellana, 40 bis, Planta 2, Salamanca, 28046 Madrid, Spain",NA,NA,NA,"Spain"
40.4411086,-3.68766488600705,"CSIC - Agencia Estatal Consejo Superior De Investigaciones Científicas","Calle Serrano 117, 28006 Madrid, Community of Madrid Spain",NA,NA,NA,"Spain"
51.515713,-0.094869,"CURTIS, MALLET-PREVOST, COLT & MOSLE (FRANCE) LLP","99 GRESHAM STREET, EC2V 7NG, London EC2V, Vereinigtes Königreich","99 GRESHAM STREET","EC2V 7NG","LONDON","United Kingdom"
40.4286343,-3.6889964,"DARGON ENERGY","Paseo de la Castellana número 18, Planta 7, Madrid CP:28046",NA,NA,NA,"Spain"
40.425567,-3.681932,"DARGON RE-ENERGY SL.","CALLE GOYA, 51 PISO 3 DR, 28001, Madrid, Spanien","CALLE GOYA, 51 PISO 3 DR","28001","MADRID","Spain"
40.4633444,-3.6906837,"DASSAULT SYSTÈMES","Calle Estébanez Calderón 3-5, Planta 3. Madrid 28020",NA,NA,NA,"Spain"
40.529857,-3.652946,"DEKRA Spain","C. Calabozos, 12, 28108 Alcobendas, Madrid, Spain",NA,NA,NA,"Spain"
48.761092,2.362603,"DEMATHIEU BARD BATIMENT ILE DE FRANCE","36 rue du Séminaire - BâtimentG5C - 94550 CHEVILLY LARUE",NA,NA,NA,"France"
48.924893,2.403701,"DEMGY SPN","75 rue du rateau 93120 La Courneuve",NA,NA,NA,"France"
40.4324742,-3.6917199,"DH2 Energy","Calle Almagro 31, 3º - 28010, Madrid",NA,NA,NA,"Spain"
40.462227,-3.669962,"DNV","Santa Maria Magdalena 14, 28016 Madrid, España",NA,NA,NA,"Spain"
40.489112,-3.689135,"Dräger Safety","Calle Xaudaró nº 5, 28034 de Madrid",NA,NA,NA,"Spain"
48.888558,2.12951,"Dream Energy","52 avenue Georges Clémenceau 78110 Le Vesinet",NA,NA,NA,"France"
40.432788,-3.676343,"EHS Techniques","Juan Bravo, 49",NA,NA,NA,"Spain"
48.876731,2.29747,"EIFER","22-30 avenue de Wagram 75008 PARIS, FRANCE",NA,NA,NA,"France"
48.842038,2.250509,"EIFFAGE ENERGIE SYSTEMES","3-7 Pl. de l'Europe, 78140 Vélizy-Villacoublay, France",NA,NA,NA,"France"
40.39495605,-3.6257954,"Elawan Energy SL","C. del Ombú, 3, Arganzuela, 28045 Madrid, Spain",NA,NA,NA,"Spain"
40.4283369,-3.664486,"ELECNOR SERVICIOS Y PROYECTOS","C. del Marqués de Mondéjar, 33, Salamanca, 28028 Madrid, Spain",NA,NA,NA,"Spain"
40.322069,-3.680189,"Electro Drives S.L.","Calle Iniciativa, 2  28906 Getafe (Madrid)",NA,NA,NA,"Spain"
51.5111283,-0.11878369635922,"Elgar Middleton","1 Lancaster Pl, London WC2E 7ED, United Kingdom",NA,NA,NA,"Kingdom"
48.834484,2.256997,"ELLIPSE GROUP","305 Avenue le Jour se Lève, 92100 Boulogne",NA,NA,NA,"France"
48.7261556,2.2628465,"ELOGEN","27 AVENUE CARNOT, 91300, Essonne, Frankreich","27 AVENUE CARNOT","91300","MASSY","France"
48.680339,2.199973,"Elogen Spain","8 avenue du Parana, 91940 Les Ulis",NA,NA,NA,"France"
40.3521689,-3.69587085,"Elytt Energy S.L","C. de Orense, 11, 2º B, Tetuán, 28020 Madrid, Spain",NA,NA,NA,"Spain"
40.532794,-3.652175,"Emerson Spain","Francisco Gervás 1 ( Alcobendas) 28108",NA,NA,NA,"Spain"
48.777003,2.020222,"EMITECH","3 avenue des coudriers 78180 Montigny le Bretonneux",NA,NA,NA,"France"
40.432849,-3.705944,"Empresarios Agrupados","Calle Magallanes,3 28015 Madrid",NA,NA,NA,"Spain"
40.4061145,-3.7110374,"Enagás","Paseo De Los Olmos, Madrid, 28005, Spain",NA,NA,NA,"Spain"
40.406589,-3.842599,"ENAGAS INFRAESTRUCTURAS DE HIDROGENO SL.","PASEO OLMOS, 19, 28005, Madrid, Spanien","PASEO OLMOS, 19","28005","MADRID","Spain"
40.391947,-3.678905,"ENAGÁS RENOVABLE","C. Titán, 8, Arganzuela, 28045 Madrid, Spain",NA,NA,NA,"Spain"
40.40532975,-3.71424437011684,"ENAGAS SA","P.º de los Olmos, 19, Arganzuela, 28005 Madrid, Spain",NA,NA,NA,"Spain"
40.4484462,-3.5799296,"ENAIRE","Parque Empresarial Las Mercedes Avenida de Aragón 330, Edificio 2 Entrada por, C/ de Campezo, 1, 28022 Madrid, Spain",NA,NA,NA,"Spain"
40.4596282,-3.6181201662329,"Endesa, S.A.","Calle Ribera del Loira 60, 28042 Madrid",NA,NA,NA,"Spain"
48.8757693,2.2993555,"Eneralys","36 avenue Hoche 75008 Paris",NA,NA,NA,"France"
40.4597699,-3.69068601408082,"ENERFIN SOCIEDAD DE LA ENERGÍA S.L","Cuzco IV, Pº de la Castellana 141, 28046, Madrid",NA,NA,NA,"Spain"
40.482927,-3.692657,"ENERGREEN MOBILITY SL.","CALLE JULIO PALACIOS, 12, 28914, Madrid, Spanien","CALLE JULIO PALACIOS, 12","28914","LEGANES","Spain"
40.436621,-3.698501,"Energy Capital","Calle de García de Paredes, 42, Chamberí, 28010 Madrid, Spain",NA,NA,NA,"Spain"
40.424342,-3.676234,"EnerHi","Calle de Alcalá 96 2D. 28009. Madrid",NA,NA,NA,"Spain"
49.014421,2.076547,"ENERTRAG H2","9 MAIL GAY LUSSAC, 95000, Val-d'Oise, Frankreich","9 MAIL GAY LUSSAC","95000","NEUVILLE SUR OISE","France"
40.4334073,-3.6729877,"ENERTRAG SE","C/ de Francisco Silvela, 42, Salamanca, 28028 Madrid, Spain",NA,NA,NA,"Spain"
48.89559,2.239661,"ENGIE SOLUTIONS H2","FAUBOURG DE L ARCHE, 1 PLACE SAMUEL DE CHAMPLAIN, 92400, Hauts-de-Seine, Frankreich","FAUBOURG DE L ARCHE, 1 PLACE SAMUEL DE CHAMPLAIN","92400","COURBEVOIE","France"
48.856854,2.2652265,"ENRHEV","5 AVENUE INGRES, 75016, Paris, Frankreich","5 AVENUE INGRES","75016","PARIS","France"
48.8337779,2.3575561,"ENSAM","151 Bd de l'Hôpital, 75013 Paris",NA,NA,NA,"France"
48.829264,2.522516,"EPI","15 Rue des Hauts Guibouts 94360 Bry-sur-Marne",NA,NA,NA,"France"
48.89559,2.239661,"Equans France","1 Place Samuel Champlain 92400 COURBEVOIE",NA,NA,NA,"France"
48.8516411,2.3834581,"ERM FRANCE","13 RUE FAIDHERBE, Paris, 75011, France",NA,NA,NA,"France"
40.4746778,-3.6876214,"ERM IBERIA SAU","Paseo de la Castellana, 257 - 2º 28046 Madrid",NA,NA,NA,"Spain"
48.94938,2.260613,"ETNA INDUSTRIE","8 rue grande ceinture 95100 Argenteuil",NA,NA,NA,"France"
40.4502783,-3.6928216,"Everoze SP","Impact Hub Picasso, Plaza Pablo Ruiz Picasso, 1, 28020 Madrid, España",NA,NA,NA,"Spain"
48.8845182,2.247274,"EVOLEN","13 Rue Jean Jaurès, 92800 Puteaux, France",NA,NA,NA,"France"
48.937581,2.301857,"EXIDE TECHNOLOGIES SAS","5 ALLEE DES PIERRES MAYETTES, 92230, Hauts-de-Seine, Frankreich","5 ALLEE DES PIERRES MAYETTES","92230","GENNEVILLIERS","France"
40.391947,-3.678905,"EXOLUM","Calle Titán 8, Instalaciones de Méndez Álvaro First, Despacho 316, 28045, Madrid",NA,NA,NA,"Spain"
40.391003,-3.679541,"Exolum Solutions","Calle Titán, 13, Madrid, 28045, Spain",NA,NA,NA,"Spain"
48.887341,2.216535,"Faurecia, a company of Forvia","Rue Hennape 2, Nanterre, 92000, France",NA,NA,NA,"France"
40.443354,-3.68076,"FBB PARTNERS","C. de Felipe Campos, 19, Chamartín, 28002 Madrid, Spain",NA,NA,NA,"Spain"
48.8755937,2.2854967,"FEDA","10 Rue Pergolèse 75116 Paris",NA,NA,NA,"France"
48.8459896,2.3795371,"FillnDrive","130 rue Charenton 75012 PARIS",NA,NA,NA,"France"
48.872416,2.340163,"FIVES","3 RUE DROUOT 750009 PARIS",NA,NA,NA,"France"
40.4746778,-3.6876214,"FMC FORET SA","Paseo de la Castellana, 257 5ª Planta, P.º de la Castellana, 257, 6°, 28046 Madrid, Spain",NA,NA,NA,"Spain"
48.8608525,2.310079,"FNCCR","20 Bd de la Tour-Maubourg, 75007 Paris, France",NA,NA,NA,"France"
48.8718672,2.3029523,"FNTP","3 rue de Berri 75008 Paris",NA,NA,NA,"France"
48.8685805,2.58921926709402,"FRANCE ETUVES","65 RUE AUGUSTE MEUNIER, 77500, Seine-et-Marne, Frankreich","65 RUE AUGUSTE MEUNIER","77500","CHELLES","France"
48.8456409,2.3784003,"France Hydrogène","Avenue Daumesnil 50, Paris, 75012, France",NA,NA,NA,"France"
48.88927,2.303582,"France Nouvelles Energies","40 rue Philibert Delorme 75017 Paris",NA,NA,NA,"France"
48.8454723,2.3252535,"FRANCE SUPPLY CHAIN","140 bis rue de Rennes 75006 PARIS",NA,NA,NA,"France"
48.8675715,2.3224497,"Freget Glaser & Associés","7 rue Royale 75008 Paris",NA,NA,NA,"France"
40.437292,-3.682767,"Frv x Global service","C/Maria de Molina 40, 5º, Madrid, 28006, Spain",NA,NA,NA,"Spain"
40.503282,-3.547658,"GAS ECO SUMINISTROS, S.L","c/ Igarsa nº 2 28860 Paracuellos de Jarama (Madrid)",NA,NA,NA,"Spain"
40.334134,-3.714153,"GASES MARTIN SERRANO 2001 SL","CALLE CIUDAD DE FRIAS, 3 NAV 1, 28021, Madrid, Spanien","CALLE CIUDAD DE FRIAS, 3 NAV 1","28021","MADRID","Spain"
48.9077068,2.232585,"Gazel Energie","9 rue du débarcadère 92700 Colombes",NA,NA,NA,"France"
40.442758,-3.696851,"GENELEC INVEST SA.","CALLE CRISTOBAL BORDIU, 46, 28003, Madrid, Spanien","CALLE CRISTOBAL BORDIU, 46","28003","MADRID","Spain"
48.7386297,2.37990120136825,"GEN-HY","PARC ROMEO ORLY AEROGARE, 94390 RUE DE LA SOIE, 94310, Val-de-Marne, Frankreich","PARC ROMEO ORLY AEROGARE, 94390 RUE DE LA SOIE","94310","ORLY","France"
48.8867489,2.165228,"GEOMETHANE","2 Rue des Martinets, 92500 Rueil-Malmaison, France",NA,NA,NA,"France"
48.8867489,2.165228,"GEOSEL MANOSQUE","2 RUE DES MARTINETS, 92500, Hauts-de-Seine, Frankreich","2 RUE DES MARTINETS","92500","RUEIL MALMAISON","France"
48.8869625,2.2431841,"GESIP","1, rue du Général Leclerc – 92800 PUTEAUX",NA,NA,NA,"France"
48.8653429,2.3312506,"GH2","320 RUE SAINT HONORE, 75001, Paris, Frankreich","320 RUE SAINT HONORE","75001","PARIS","France"
51.51578425,-0.104109620297184,"GHD","10th Floor, 25 Farringdon St, London EC4A 4AB, United Kingdom",NA,NA,NA,"Kingdom"
48.8733214,2.328085,"GP JOULE FRANCE","16 RUE AUBER, 75009, Paris, Frankreich","16 RUE AUBER","75009","PARIS","France"
48.8795691,2.3484703,"GRDF","6 rue Condorcet 75009 Paris",NA,NA,NA,"France"
40.60111,-3.709619,"GREEN ENERGYNVEST IBERICA SL.","CALLE DE LA IMPRENTA, 8 PTL 4, BJ 1, 28760, Madrid, Spanien","CALLE DE LA IMPRENTA, 8 PTL 4, BJ 1","28760","TRES CANTOS","Spain"
40.485195,-3.712336,"GREEN POWER TO BUSINESS SL.","CALLE CAMBRILS, 55, 28034, Madrid, Spanien","CALLE CAMBRILS, 55","28034","MADRID","Spain"
40.445699,-3.616203,"Grenergy Renovables","C/ de Rafael Botí, 26, Moncloa - Aravaca, 28023 Madrid, Spain",NA,NA,NA,"Spain"
49.009606,2.554942,"Groupe ADP","1 rue de France 93290 Tremblay-en-France",NA,NA,NA,"France"
48.96453,2.538206,"Groupe Petit Forestier","11 route de Tremblai 93420 Villepinte",NA,NA,NA,"France"
48.906533,2.263986,"GRTgaz","Immeuble Bora, 6 rue Raoul Nordling 92270 BOIS-COLOMBES",NA,NA,NA,"France"
40.427,-3.668086,"GRUPO IBEREÓLICA RENOVABLES","Pº Marqués de Zafra nº5  28028 – Madrid (España)",NA,NA,NA,"Spain"
48.71273,2.084801,"GTT","Rte De Versailles 1, St Remy Les Chevreuse, 78470, France",NA,NA,NA,"France"
48.888318,2.245292,"GULF AFRICA PETROLEUM CORPORATION","24 COURS MICHELET, 92800, Hauts-de-Seine, Frankreich","24 COURS MICHELET","92800","PUTEAUX","France"
40.448102,-3.689291,"Gunvor Group Ltd","calle Balbina Valverde 17 - 28002 Madrid",NA,NA,NA,"Spain"
48.8428024,2.3746727,"H2 CRETEIL","173 175 TOUR DE BERCY, 173 RUE DE BERCY, 75012, Paris, Frankreich","173 175 TOUR DE BERCY, 173 RUE DE BERCY","75012","PARIS","France"
40.391947,-3.678905,"H2 PILLAR SL.","CALLE TITAN, 8, 28045, Madrid, Spanien","CALLE TITAN, 8","28045","MADRID","Spain"
40.458236,-3.684418,"H2 to Market","Avenida Alberto Alcocer 24, piso 7.28043 Madrid",NA,NA,NA,"Spain"
40.430133,-3.69118,"H2B2 ELECTROLYSIS TECHNOLOGIES SL.","CALLE FORTUNY, 19 ENT IZDA, 28010, Madrid, Spanien","CALLE FORTUNY, 19 ENT IZDA","28010","MADRID","Spain"
40.391947,-3.678905,"H2GREEM GLOBAL SOLUTIONS SL","Calle Titán 8",NA,NA,NA,"Spain"
48.845632,2.339672,"H2MINES - Carnot M.I.N.E.S","60, bd Saint-Michel - 75006 Paris",NA,NA,NA,"France"
48.8757693,2.2993555,"H2V 59 LOON PLAGE","36 AVENUE HOCHE, 75008, Paris, Frankreich","36 AVENUE HOCHE","75008","PARIS","France"
40.434146,-3.693481,"HIDRÓGENO VERDE RENOVABLE SL (HVR energy)","Zurbano, 45 1º - 28010 Madrid",NA,NA,NA,"Spain"
40.53082555,-3.63325687854369,"HIDROVERSOL BADAJOZ SL.","AVENIDA DE BRUSELAS, 7 PISO 3 PTA IZ, 28108, Madrid, Spanien","AVENIDA DE BRUSELAS, 7 PISO 3 PTA IZ","28108","ALCOBENDAS","Spain"
48.861757,2.3598,"Hinicio France","64-66 Rue des Archives 75003 Paris",NA,NA,NA,"France"
40.4364524,-3.6963197,"HISPALYT","C. de Orense, 10, 2ª Planta, Tetuán, 28020 Madrid, Spain",NA,NA,NA,"Spain"
48.879218,2.3248498,"HOPIUM","43 RUE DE LIEGE, 75008, Paris, Frankreich","43 RUE DE LIEGE","75008","PARIS","France"
40.4549825,-3.6942364,"H-TEC SYSTEMS","Calle Pedro Teixeira 8, 10º   28020 Madrid, Spain",NA,NA,NA,"Spain"
48.883035,2.272281,"HY 4","20 B RUE LOUIS PHILIPPE, 92200, Hauts-de-Seine, Frankreich","20 B RUE LOUIS PHILIPPE","92200","NEUILLY SUR SEINE","France"
48.8675371,2.3377392,"HY24","69 rue de Richelieu 75002 Paris",NA,NA,NA,"France"
48.8614732,2.3094654,"HYCARGO","11 rue Surcouf, 75007 Paris, FRANCE",NA,NA,NA,"France"
48.8662226,2.3292035,"Hydrogen Advisors","231 rue Saint Honoré 75001 Paris",NA,NA,NA,"France"
48.8916913,2.1678667,"HYDROGENE NATUREL","31 RUE RAYMOND QUENEAU, 92500, Hauts-de-Seine, Frankreich","31 RUE RAYMOND QUENEAU","92500","RUEIL MALMAISON","France"
48.767901,2.419886,"HYDROLOGIS","8 RUE DE LA PAIX, 94600, Val-de-Marne, Frankreich","8 RUE DE LA PAIX","94600","CHOISY LE ROI","France"
48.8679717,2.3000457,"HYDWEY","37 AVENUE PIERRE 1ER DE SERBIE, 75008, Paris, Frankreich","37 AVENUE PIERRE 1ER DE SERBIE","75008","PARIS","France"
48.8688256,2.30323,"HYLIKO","41 RUE FRANCOIS 1ER, 75008, Paris, Frankreich","41 RUE FRANCOIS 1ER","75008","PARIS","France"
48.895691,2.2390301,"HYNAMICS","8 AVENUE DE L ARCHE, 92400, Hauts-de-Seine, Frankreich","8 AVENUE DE L ARCHE","92400","COURBEVOIE","France"
48.894027,2.284354,"Hynamics - Groupe EDF","Carré Vert - rue Kléber 92300 Levallois-Perret",NA,NA,NA,"France"
48.894014,2.283893,"Hynamics (EDF)","Rue Kleber 45, LEVALLOIS PERRET, 92300, France",NA,NA,NA,"France"
48.89559,2.239661,"HYPORT","FAUBOURG DE L ARCHE, 1 PLACE SAMUEL DE CHAMPLAIN, 92400, Hauts-de-Seine, Frankreich","FAUBOURG DE L ARCHE, 1 PLACE SAMUEL DE CHAMPLAIN","92400","COURBEVOIE","France"
40.4206598,-3.6864514,"HYREN HIDRORENOVABLE S.L.U","Calle de Alcalá, 81, Planta 1 Puerta A-B, Madrid, 28009, Spain",NA,NA,NA,"Spain"
48.9286312,2.34392641870438,"HysetCo","103 Rue Charles Michels, 93200 Saint-Denis, France","95 RUE CHARLES MICHELS","93200","ST DENIS","France"
48.9059703,2.2385448,"Hyundai France","71 boulevard National La Garenne Colombes 92250 La Garenne Colombes",NA,NA,NA,"France"
40.4977795,-3.6655862,"HYUNDAI MOTOR ESPAÑA SLU","Calle Quintanapalla, 2, Madrid",NA,NA,NA,"Spain"
48.8760373,2.3297775,"HYXOS","80, rue Saint Lazare, 75009 Paris",NA,NA,NA,"France"
48.7929792,2.4897216,"I.M.O.2S","1 bis avenue François Adam 94100 Saint Maur des Fosses",NA,NA,NA,"France"
48.8679717,2.3000457,"IDEC ENERGY","37 AVENUE PIERRE 1ER DE SERBIE, 75008, Paris, Frankreich","37 AVENUE PIERRE 1ER DE SERBIE","75008","PARIS","France"
48.8766026,2.1736995,"IFP Energies Nouvelles (IFPEN)","1-4 Av. du Bois Préau 192500 Rueil-Malmaison, Francia",NA,NA,NA,"France"
48.877225,2.1728806,"IFP School","228-232 avenue Napoléon Bonaparte 92500 Rueil Malmaison",NA,NA,NA,"France"
48.8766026,2.1736995,"IFPEN","Etablissement de Paris : 1 à 4 avenue de Bois Préau - 92852 Rueil Malmaison Cedex / Etablissement de Lyon : Rond-point de l'échangeur de Solaize - BP 3 - 69360 Solaize",NA,NA,NA,"France"
40.466796,-3.669696,"IGNIS ENERGÍA","C. de Cardenal Marcelo Spínola, 8, Chamartín, 28016 Madrid, Spain",NA,NA,NA,"Spain"
48.8141073,2.3159705,"IMING","41 rue Périer  92120 Montrouge",NA,NA,NA,"France"
40.4574573,-3.6811942,"INECO (Ingeniería y Economía del Transporte, SME MP SA)","Paseo de la Habana, 138 28036 Madrid (España)",NA,NA,NA,"Spain"
40.501145,-3.47993650178178,"Instituto nacional de Técnica Aeroespacial (INTA)","Carretera de Ajalvir, 28814 Ajalvir, Community of Madrid, Spain",NA,NA,NA,"Spain"
48.8760373,2.3297775,"INTHY DEVELOPPEMENT","80 RUE SAINT LAZARE, 75009, Paris, Frankreich","80 RUE SAINT LAZARE","75009","PARIS","France"
40.4370929,-3.6886031,"Invenergy","Calle del Pinar, 5 28006 Madrid",NA,NA,NA,"Spain"
48.825142,2.261853,"Issy-Les-Moulineaux","4 Boulevard Garibaldi, 92130, Issy-Les-Moulineaux, Frankreich","4 Boulevard Garibaldi","92130","Issy-Les-Moulineaux","France"
48.901444,2.268274,"ITM Power France","18 rue Franklin 92400 Courbevoie",NA,NA,NA,"France"
48.786199,2.598484,"JACIR","11 rue Jean Moulin 77348 Pontault Combault",NA,NA,NA,"France"
48.987572,2.387014,"JCB EURO SERVICES","3 RUE DU VIGNOLLE, 95200, Val-d'Oise, Frankreich","3 RUE DU VIGNOLLE","95200","SARCELLES","France"
48.8432649,2.2379122,"JFB Consulting","26 Boulevard Jean Jaurès 92100 Boulogne",NA,NA,NA,"France"
51.51578425,-0.104109620297184,"Johnson Matthey","5th Floor, 25 Farringdon Street, London, EC4A 4AB",NA,NA,NA,"United Kingdom"
51.5158684,-0.104424511980831,"JOHNSON MATTHEY UK HOLDINGS LIMITED","5TH FLOOR 25 FARRINGDON STREET, EC4A 4AB, London EC4A, Vereinigtes Königreich","5TH FLOOR 25 FARRINGDON STREET","EC4A 4AB","LONDON","United Kingdom"
48.8760373,2.3297775,"JUSTY INGENIERIE ENERGIES","80 RUE SAINT LAZARE, 75008, Paris, Frankreich","80 RUE SAINT LAZARE","75008","PARIS 08","France"
48.8814558,2.312079,"Kalliopé","98 Boulevard Malesherbes 75017 Paris",NA,NA,NA,"France"
48.877088,2.3138703,"KALLISTA BDR","18 RUE TREILHARD, 75008, Paris, Frankreich","18 RUE TREILHARD","75008","PARIS","France"
48.9026882,2.0192126,"Kanda Consulting SAS","7 Ruelle du Lavoir  78240 AIGREMONT",NA,NA,NA,"France"
48.871307,2.335114,"KEIRYO","34 BOULEVARD DES ITALIENS, 75009, Paris, Frankreich","34 BOULEVARD DES ITALIENS","75009","PARIS","France"
48.8967499,2.2383901,"Keolis","34 Avenue Léonard De Vinci, Courbevoie, F-92400, France",NA,NA,NA,"France"
40.460922,-3.679818,"KING & WOOD MALLESONS SAP","Calle de Goya, 6, 4ª, Salamanca, 28001 Madrid, Spain",NA,NA,NA,"Spain"
40.4865086,-3.6846329,"KLINGER SPAIN","Avenida del Llano Castellano 15 28034 Madrid",NA,NA,NA,"Spain"
40.4782387,-3.6874753,"KPMG S.A","Paseo de la Castellana, 259 C  28046 Madrid",NA,NA,NA,"Spain"
48.8679395,2.3211581,"La Plateforme Verte","9 rue Boissy d’Anglas 75008 Paris",NA,NA,NA,"France"
48.8641465,2.3797039,"LAST MHYLE","84 AVENUE DE LA REPUBLIQUE, 75011, Paris, Frankreich","84 AVENUE DE LA REPUBLIQUE","75011","PARIS","France"
48.8597117,2.285756,"Laurent THERY","7 Avenue De Camoens",NA,NA,NA,"France"
48.882569,2.435193,"LEAU LAVIE","D32 TROISIEME ETAGE, 94 AV DU DOCTEUR DAVID ROSENFELD, 93230, Seine-Saint-Denis, Frankreich","D32 TROISIEME ETAGE, 94 AV DU DOCTEUR DAVID ROSENFELD","93230","ROMAINVILLE","France"
48.905715,2.264213,"LHYMO","12 RUE RAOUL NORDLING, 92270, Hauts-de-Seine, Frankreich","12 RUE RAOUL NORDLING","92270","BOIS COLOMBES","France"
48.829435,2.295313,"LNE","1, rue Gaston Boissier 75724 PARIS Cedex 15 75724 Paris Cedex 15",NA,NA,NA,"France"
40.339024,-3.525488,"LogisGreen","C/ Marie Curie 5, Edificio Alfa. Planta 3. Oficina 3.5 28521 Rivas-Vaciamadrid – Madrid",NA,NA,NA,"Spain"
48.888829,2.234133,"LOXAM","Rue Félix Pyat 92043 Puteaux La Défense",NA,NA,NA,"France"
40.3956687,-3.6630979,"MADRILEÑA RED DE GAS S.A.U","Centro Empresarial Arco, Calle Virgilio, 2B, 28223, Pozueño de Alarcón, Madrid",NA,NA,NA,"Spain"
48.767962,2.473463,"MANERGY","1 rue Séjourné 94000 Créteil",NA,NA,NA,"France"
48.892689,2.242977,"MASSHYLIA HYDROGEN","LA DEFENSE 6, 2 PLACE JEAN MILLIER, 92400, Hauts-de-Seine, Frankreich","LA DEFENSE 6, 2 PLACE JEAN MILLIER","92400","COURBEVOIE","France"
48.892275,2.244325,"MAZARS","61 rue Henri Regnault 92400 Courbevoie - France",NA,NA,NA,"France"
40.4280309,-3.6965828,"MCKINSEY & COMPANY, S.L","Calle de Sagasta, 33, 28004 Madrid",NA,NA,NA,"Spain"
40.467427,-3.660808,"MEDIABUS MULTIMEDIA COACH SL.","CALLE LAGUNA DEL MARQUESADO, 44 NAV L, 28021, Madrid, Spanien","CALLE LAGUNA DEL MARQUESADO, 44 NAV L","28021","MADRID","Spain"
48.851307,2.146464,"Meije Development","23 Le Clos Baptiste 44 rue de Vinde 70170 La Celle St Cloud",NA,NA,NA,"France"
48.8707708,2.2316273,"Messer France","24 Quai Gallieni - CS 90040 92156 Suresnes",NA,NA,NA,"France"
48.833595,2.570921,"MESURE PROCESS","ZONE INDUSTRIELLE LES RICHARDETS, 33 RUE DU BALLON, 93160, Seine-Saint-Denis, Frankreich","ZONE INDUSTRIELLE LES RICHARDETS, 33 RUE DU BALLON","93160","NOISY LE GRAND","France"
48.8279094,2.2353155,"MICHELIN","27, cours de l'île Seguin 92105 BOULOGNE BILLANCOURT CEDEX",NA,NA,NA,"France"
48.712829,2.1445,"MILEXIA FRANCE","IMMEUBLE LE MERCURY ESPACE TECHN, ROUTE DE L'ORME DES MERISIERS, 91190, Essonne, Frankreich","IMMEUBLE LE MERCURY ESPACE TECHN, ROUTE DE L'ORME DES MERISIERS","91190","ST AUBIN","France"
48.845632,2.339672,"MINES ParisTech/ARMINES PERSEE","Boulevard Saint-Michel 60, 75006 Paris, Ile-de-France France",NA,NA,NA,"France"
48.8781195,2.2320262,"MOBILIANS","50 rue Rouget de Lisle 92158 SURESNES CEDEX",NA,NA,NA,"France"
51.5161298,-0.1398736,"MORGAN LOVELL PLC","KENT HOUSE, 14-17 MARKET PLACE, W1W 8AJ, London W1W, Vereinigtes Königreich","KENT HOUSE, 14-17 MARKET PLACE","W1W 8AJ","LONDON","United Kingdom"
48.8374517,2.2405908,"MP DATA Technologies","39 rue de la saussière 92100 Boulogne Billancourt",NA,NA,NA,"France"
40.4412865,-3.6902572,"NANO4ENERGY SL","C. de José Gutiérrez Abascal, 2, Chamartín, 28006 Madrid, Spain",NA,NA,NA,"Spain"
40.437343,-3.686865,"Nara Solar","Calle López de Hoyos 15, 3º Dcha, 28006, Madrid",NA,NA,NA,"Spain"
48.8731246,2.3429397,"NATUREO FINANCE","21 rue du Faubourg Montmartre 75009 PARIS",NA,NA,NA,"France"
48.8720727,2.2949073,"NEBULA TECHNOLOGIES","37 RUE LA PEROUSE, 75116, Paris, Frankreich","37 RUE LA PEROUSE","75116","PARIS","France"
48.8749232,2.3325339,"Neot Green Mobility","60 rue de la Chaussée d’Antin 75009 Paris",NA,NA,NA,"France"
48.8775524,2.328086,"NHOA","28 RUE DE LONDRES, 75009, Paris, Frankreich","28 RUE DE LONDRES","75009","PARIS","France"
40.448439,-3.695854,"NIPPON GASES ESPAÑA S.L.U.","Calle Orense, 11 5ª Planta. 28020 Madrid",NA,NA,NA,"Spain"
48.8759634,2.3084421,"Norton Rose Fulbright","40 rue de Courcelles 75008 Paris",NA,NA,NA,"France"
40.3344475,-3.8614222,"ODENRA XXI SL","C. Salcillo, 1, Local 2 Bis, 28932 Móstoles, Madrid, Spain",NA,NA,NA,"Spain"
48.8963295,2.2847294,"OPmobility","Rue Paul Vaillant Couturier 42, Levallois-Perret Cedex, 92593, France",NA,NA,NA,"France"
40.468213,-3.670796,"OTRAS PRODUCCIONES DE ENERGIA FOTOVOLTAICA SL","Torre Spinola, Planta 5, C. de Cardenal Marcelo Spínola, 42, 28016 Madrid, Spain",NA,NA,NA,"Spain"
40.448439,-3.695854,"OXIMESA S.L.U.","CALLE ORENSE, 11 PLT 5, 28020, Madrid, Spanien","CALLE ORENSE, 11 PLT 5","28020","MADRID","Spain"
48.8622331,2.3047133,"OXYGENE ACETYLENE EXTREME ORIENT","75 QUAI D ORSAY, 75007, Paris, Frankreich","75 QUAI D ORSAY","75007","PARIS","France"
48.8296473,2.391373,"Paris | Bercy","20 Bd Poniatowski, 75012, Paris, Frankreich","20 Bd Poniatowski","75012","Paris","France"
48.9030286,2.3601653,"Paris | Chapelle","46 Avenue du Président Wilson, 93210, Saint-Denis, France","46 Avenue du Président Wilson","93210","Saint-Denis","France"
48.7301481,2.259024,"Paris | Charles de Gaulle Airport","Station de recharge Hydrogène Roissy CDG, 77290, Mitry-Mory, France","Station de recharge Hydrogène Roissy CDG","77290","Mitry-Mory","France"
48.86505,2.3013405,"Paris | Pont de l'Alma","Place de l'Alma, 75008, Paris, France","Place de l'Alma","75008","Paris","France"
48.8366064,2.2568757,"Paris | Porte de Saint Cloud","22 av Dode de la Brunerie, 75016, Paris, Frankreich","22 av Dode de la Brunerie","75016","Paris","France"
48.7069733,2.3712531,"Paris | Aéroport de Paris-Orly","Orly Ouest, Avenue de l'Aéroport, 94390, Paray-Vieille-Poste, France","Orly Ouest, Avenue de l'Aéroport","94390","Paray-Vieille-Poste","France"
40.4686982,-3.6577941,"PARQUE EOLICO PERALEJO SA","AVENIDA GRAN VIA DE HORTALEZA, 1, 28033, Madrid, Spanien","AVENIDA GRAN VIA DE HORTALEZA, 1","28033","MADRID","Spain"
48.708154,2.230829,"PEAK SCIENTIFIC","BATIMENT B PARC GUTENBERG, 2 CHEMIN DE LA CARDON, 91120, Essonne, Frankreich","BATIMENT B PARC GUTENBERG, 2 CHEMIN DE LA CARDON","91120","PALAISEAU","France"
40.441417,-3.66602,"PETROLEUM OIL & GAS ESPAÑA SA","AVENIDA AMERICA, 38, 28028, Madrid, Spanien","AVENIDA AMERICA, 38","28028","MADRID","Spain"
48.8731663,2.325804,"pHYnix","25 rue des Mathurins 75008 Paris",NA,NA,NA,"France"
48.8716761,2.3289952,"PHYNIX France","6 SQUARE DE L OPERA LOUIS JOUVET, 75009, Paris, Frankreich","6 SQUARE DE L OPERA LOUIS JOUVET","75009","PARIS","France"
40.4757949,-3.6360069,"PHYNIX IBERIA SL.","CALLE VIA DE LOS POBLADOS, 1 ED E 3 A, 28033, Madrid, Spanien","CALLE VIA DE LOS POBLADOS, 1 ED E 3 A","28033","MADRID","Spain"
40.4324793,-3.6847127,"pHYnix Spain","Calle Lagasca 95, Madrid 28006",NA,NA,NA,"Spain"
48.8963295,2.2847294,"PLASTIC OMNIUM","42 rue Paul Vaillant-Couturier 92593 LEVALLOIS-PERRET",NA,NA,NA,"France"
48.8286797,2.2404739,"Plug Power - HyPulsion","Place Paul Verlaine 1, Boulogne-Billancourt, 92100, France",NA,NA,NA,"France"
40.3521689,-3.69587085,"Productos de Instrumentación S.A.","C. Montejo, 11, Nave 9, Villaverde, 28021 Madrid, Spain",NA,NA,NA,"Spain"
51.5038193,-0.1000426,"PROTIUM GREEN SOLUTIONS LIMITED","UNIT 104 164-180 UNION STREET, SE1 0LH, London SE1, Vereinigtes Königreich","UNIT 104 164-180 UNION STREET","SE1 0LH","LONDON","United Kingdom"
40.4686982,-3.6577941,"PROYECTOS RENOVABLES INNOVADORES, S.A.","AVENIDA GRAN VIA DE HORTALEZA, 1, 28033, Madrid, Spanien","AVENIDA GRAN VIA DE HORTALEZA, 1","28033","MADRID","Spain"
40.4518382,-3.6915646,"Q Energy GmbH","Paseo de la Castellana 95, Planta 13, 28046 Madrid",NA,NA,NA,"Spain"
40.418934,-3.801181,"QUANTUM HYDROGEN SL.","PASEO DEL CLUB DEPORTIVO, 1 2 ED 13, 28223, Madrid, Spanien","PASEO DEL CLUB DEPORTIVO, 1 2 ED 13","28223","POZUELO DE ALARCON","Spain"
48.842793,2.371999,"RATP","54 quai de la Rapée 750012 Paris",NA,NA,NA,"France"
40.453453,-3.694442,"Recurrent Energy","Avenida General Peron, 27 10º planta",NA,NA,NA,"Spain"
40.457247,-3.618952,"REDEXIS","Calle Mahonia, 2, Planta Jardín, Edificio Pórtico, 28043 Madrid, Spain",NA,NA,NA,"Spain"
48.912395,2.331462,"Région Ile-de-France","2, rue Simone Veil 93400 Saint-Ouen",NA,NA,NA,"France"
48.803063,2.29267,"Régulateurs Georgin","14-16 rue Pierre Sémard 92320 Chatillon",NA,NA,NA,"France"
48.756902,2.078818,"RENAULT SAS","1 avenue du Golf, Guyancourt, 78288, France",NA,NA,NA,"France"
48.8302676,2.2319745,"RENAULT VEHICLE INNOVATION","122 AVENUE DU GENERAL LECLERC, 92100, Hauts-de-Seine, Frankreich","122 AVENUE DU GENERAL LECLERC","92100","BOULOGNE BILLANCOURT","France"
51.50761865,-0.136425094722721,"Renew Power Private Limited (ReNew)","""C/O Vistra (Uk) Ltd, 3rd Floor, 11-12 St. Jamess Square"", London, SW1Y 4LB, United Kingdom",NA,NA,NA,"United Kingdom"
51.5131982,-0.1251689,"RENEWABLE UK ASSOCIATION","THE CONDUIT 6 LANGLEY STREET, WC2H 9JA, London WC2H, Vereinigtes Königreich","THE CONDUIT 6 LANGLEY STREET","WC2H 9JA","LONDON","United Kingdom"
40.397706,-3.684414,"Repsol","MÉNDEZ ÁLVARO 44, Madrid, 28045, Spain",NA,NA,NA,"Spain"
48.888885,2.08952,"RETTENMAIER FRANCE SARL","20 Q RUE SCHNAPPER, 78100, Yvelines, Frankreich","20 Q RUE SCHNAPPER","78100","ST GERMAIN EN LAYE","France"
48.8759316,2.3303682,"REUNIR","81 rue saint Lazare 75009 Paris",NA,NA,NA,"France"
48.8665539,2.3253878,"REV/RETROFUTURE","5 rue Cambon 75001 Paris",NA,NA,NA,"France"
40.4506761,-3.6914724,"RIC SUN INVESTMENTS SL","Paseo de la Castellana 91. Planta 4. Ofic. 4.  28046. Madrid",NA,NA,NA,"Spain"
49.025949,2.106304,"ROLLS-ROYCE SOLUTIONS FRANCE","8 10 IMMEUBLE COLORADO, 8 RUE ROSA LUXEMBURG, 95610, Val-d'Oise, Frankreich","8 10 IMMEUBLE COLORADO, 8 RUE ROSA LUXEMBURG","95610","ERAGNY","France"
40.546778,-3.621852,"ROSETTA TECHNOLOGY SOLUTIONS S.L.","PASEO DE EUROPA 26, 1º OF.8 28703 SAN SEBASTIAN DE LOS REYES (MADRID)",NA,NA,NA,"Spain"
40.401163,-3.674324,"ROXTEC S&P","AVENIDA CIUDAD DE BARCELONA 81 2ª Planta 28007. MADRID",NA,NA,NA,"Spain"
40.430734,-3.694071,"RP Global","Calle Caracas, 23, 4ª planta. 28010. Madrid",NA,NA,NA,"Spain"
48.903173,2.313523,"RWE Renouvelables","50 rue Madame de Sanzillon  92110 Clichy",NA,NA,NA,"France"
40.406589,-3.842599,"SCALE GAS SOLUTIONS SL.","PASEO OLMOS, 19, 28005, Madrid, Spanien","PASEO OLMOS, 19","28005","MADRID","Spain"
48.8599936,2.3109038,"Schlumberger","42 rue Saint Dominique 75007 Paris",NA,NA,NA,"France"
48.890891,2.172649,"Schneider Electric","35 rue Joseph Monier 92500 Ruel-Malmaison",NA,NA,NA,"France"
40.4386515,-3.6904032,"SEEIT GAS SLU","P.º de la Castellana, 74, PISO 1 A, Chamartín, 28046 Madrid, Spain",NA,NA,NA,"Spain"
40.5943684,-3.71027858817834,"Sener","Severo Ochoa 4, Tres Cantos, 28760 Madrid",NA,NA,NA,"Spain"
49.0267496,2.1879396,"SERGI TRANSFORMER PROTECTOR","48 AVENUE DES CHATAIGNIERS, 95150, Val-d'Oise, Frankreich","48 AVENUE DES CHATAIGNIERS","95150","TAVERNY","France"
48.847975,2.656823,"SERTRONIC","Z.I. Nord, 3 rue des Ebénistes 77200 TORCY",NA,NA,NA,"France"
48.8093427,2.3268665,"SGS","29 Avenue Aristide Briand 94110 Arcueil",NA,NA,NA,"France"
51.5038502,-0.116773363210453,"SHELL CHEMICALS U.K. LIMITED","SHELL CENTRE, YORK ROAD, SE1 7NA, London SE1, Vereinigtes Königreich","SHELL CENTRE, YORK ROAD","SE1 7NA","LONDON","United Kingdom"
48.892065,2.232525,"SHELL FRANCE","11 13 TOUR PACIFIC, 11 COURS VALMY, 92800, Hauts-de-Seine, Frankreich","11 13 TOUR PACIFIC, 11 COURS VALMY","92800","PUTEAUX","France"
48.8728426,2.3047888,"Sia Partners","21 rue de Berri 75008 Paris",NA,NA,NA,"France"
48.92062,2.355079,"Siemens Energy France","40 avenue des fruitiers 93527 Saint-Denis Cedex",NA,NA,NA,"France"
40.597969,-3.7173956,"SIEMENS ENERGY Spain","Ronda de Europa 5. 28760 Tres Cantos. Madrid",NA,NA,NA,"Spain"
40.44615585,-3.65797124880111,"Siemens S.A.","C. de Ramírez de Arellano, 37, Cdad. Lineal, 28043 Madrid, Spain",NA,NA,NA,"Spain"
48.8788451,2.3132154,"SIGEIF","64 bis rue de Monceau  75008 Paris",NA,NA,NA,"France"
48.8599936,2.3109038,"SLB","Rue St Dominique 42, Paris, 75007, France",NA,NA,NA,"France"
51.50761865,-0.136425094722721,"Smiths Group plc","""4th Floor, 11-12 St Jamess Square"", London, SW1Y 4LB, United Kingdom",NA,NA,NA,"United Kingdom"
48.718333,2.566339,"SMT","101 avenue des Erables - 94440 Santery - France",NA,NA,NA,"France"
48.9184799,2.3515454,"SNCF 2","Place Aux étoiles 2, La Plaine Saint-Denis, 93210, France",NA,NA,NA,"France"
48.786461,2.052965,"SOCOTEC","5 Place des Frères Montgolfier 782870 Guyancourt",NA,NA,NA,"France"
48.861143,2.37073,"SOLADVENT","18 IMPASSE SAINT SEBASTIEN, 75011, Paris, Frankreich","18 IMPASSE SAINT SEBASTIEN","75011","PARIS","France"
40.459994,-3.618204,"SOLARIG GLOBAL SERVICES","C. de la Ribera del Loira, 28, Barajas, 28042 Madrid, Spain",NA,NA,NA,"Spain"
48.908478,2.212569,"SPAC","Immeuble Axe Seine – 1 rue du 1er mai 92752 Nanterre Cedex",NA,NA,NA,"France"
48.8723901,2.2982916,"SPECIALTY MINERALS FRANCE","121 AVENUE DES CHAMPS ELYSEES, 75008, Paris, Frankreich","121 AVENUE DES CHAMPS ELYSEES","75008","PARIS","France"
48.8869625,2.2431841,"SPEGNN","1 rue du Général Leclerc, 92800 PUTEAUX",NA,NA,NA,"France"
48.8815525,2.2664462,"Spie Batignolles","8 rue Victor Noir 92521 Neuilly-sur-Seine Cedex",NA,NA,NA,"France"
48.930178,2.342297,"Station de recharge Hydrogène HysetCo Coubertin","22 Av. Dode de la Brunerie, 75016 Paris, France",NA,NA,NA,"France"
48.7291935,2.35882247912371,"Station de recharge Hydrogène HysetCo Orly","Orly Ouest, Av. de l'Aéroport, 94390 Paray-Vieille-Poste, France",NA,NA,NA,"France"
48.9906431,2.5900593,"Station de recharge Hydrogène HysetCo Roissy CDG","Parking PW, route du, 77290 Mitry-Mory, France",NA,NA,NA,"France"
48.9286312,2.34392641870438,"STEP-HYPE","103 rue Charles Michels 93200 Saint Denis",NA,NA,NA,"France"
51.5076783,-0.1076635,"STOREGGA LIMITED","2ND FLOOR 1-2 HATFIELDS, SE1 9PG, London SE1, Vereinigtes Königreich","2ND FLOOR 1-2 HATFIELDS","SE1 9PG","LONDON","United Kingdom"
48.905715,2.264213,"STORENGY","Rue Raoul Nordling 12, Bois-Colombes, 92270, France",NA,NA,NA,"France"
48.889558,2.252382,"SUEZ","Tour CB21 - 16 Place de l'Iris 92400 Paris La Défense",NA,NA,NA,"France"
40.530834,-3.653401,"SUMINISTROS INDUSTRIALES DIVERSOS SA","C. Valportillo Segunda, 10, 28108 Alcobendas, Madrid, Spain",NA,NA,NA,"Spain"
40.462942,-3.693909,"Sumitomo Corporation España, S.A.","Sumitomo Corporation Espana, S.A. C/ Infanta Mercedes, 90. Planta 7. 28020. Madrid. España",NA,NA,NA,"Spain"
51.51105435,-0.0952337643949483,"SUMITOMO CORPORATION EUROPE","Vintners Place, 68 UPPER THAMES STREET, London, EC4V 3BJ, United Kingdom",NA,NA,NA,"United Kingdom"
40.424956,-3.687099,"SUNCO Capital","Calle Goya, 6 · 2 28001 · Madrid · España",NA,NA,NA,"Spain"
51.516024,-0.1440321,"SUSGEN","33 Cavendish Square, London W1G 0PW, United Kingdom",NA,NA,NA,"Kingdom"
48.68974,2.2118204,"SWAGELOK PARIS","24 avenue de la Baltique, 91140 Villebon sur Yvette",NA,NA,NA,"France"
48.8840622,2.2909643,"SWIFT","22 rue Vernier 75017 Paris",NA,NA,NA,"France"
48.8753041,2.3120856,"Syntec Ingénierie","148 Boulevard Haussmann 75008 Paris",NA,NA,NA,"France"
48.896639,2.22859,"TECHNIP ENERGIES FRANCE","IMMEUBLE ORIGINE, 2126 BOULEVARD DE LA DEFENSE, 92000, Hauts-de-Seine, Frankreich","IMMEUBLE ORIGINE, 2126 BOULEVARD DE LA DEFENSE","92000","NANTERRE","France"
48.896639,2.22859,"TechnipEnergies","2126 Bd de la Défense CS 10266, 92000 Nanterre, France",NA,NA,NA,"France"
40.553831,-3.6165,"Tecnatom","Avenida Montes de Oca 1, San Sebastián de los Reyes (Madrid)",NA,NA,NA,"Spain"
40.4937561,-3.6738885,"Técnicas Reunidas S.A.","Avda. de Burgos, 89 Adequa Edificio, 6 28050 Madrid (España)",NA,NA,NA,"Spain"
48.8833602,2.2687767,"Terega","8 rue de l 'Hôtel de Ville 92200 NEUILLY SUR SEINE",NA,NA,NA,"France"
48.873887,2.3359594,"Theoreme - A Howden Company","13 Rue La Fayette, 75009 Paris, France",NA,NA,NA,"France"
48.892689,2.242977,"TOTALENERGIES EP COLOMBIE","2 PLACE JEAN MILLIER, 92400, Hauts-de-Seine, Frankreich","2 PLACE JEAN MILLIER","92400","COURBEVOIE","France"
48.888318,2.245292,"TOTALENERGIES MARKETING SERVICES","TOUR TOTAL, 24 COURS MICHELET, 92800, Hauts-de-Seine, Frankreich","TOUR TOTAL, 24 COURS MICHELET","92800","PUTEAUX","France"
40.531492,-3.6385158,"TOYOTA ESPAÑA S.L.U.","Avenida de Bruselas, 22. 28108 Alcobendas (Madrid)",NA,NA,NA,"Spain"
40.422994,-3.668344,"TRAMITACION DE EXPROPIACIONES SL","CALLE JORGE JUAN, 137, 28028, Madrid, Spanien","CALLE JORGE JUAN, 137","28028","MADRID","Spain"
48.8278064,2.2641219,"Transdev","3 Allée de Grenelle 92130 ISSY-LES-MOULINEAUX",NA,NA,NA,"France"
48.8716761,2.3289952,"TRANSITION HYDROGENE","6 SQUARE DE L OPERA LOUIS JOUVET, 75009, Paris, Frankreich","6 SQUARE DE L OPERA LOUIS JOUVET","75009","PARIS","France"
51.5148161,-0.1235229,"Transitus Energy","71 - 75 Shelton Street, Covent Garden, London, WC2H 9JQ, United Kingdom",NA,NA,NA,"United Kingdom"
48.894598,2.235605,"TRAPIL","2-3 Cr du Triangle, 92800 Puteaux, France",NA,NA,NA,"France"
51.51339205,-0.115163601179238,"TUNUR (UK) LTD","Peachey & Co, 95 Aldwych, London, WC2B 4JF",NA,NA,NA,"United Kingdom"
40.601762,-3.71504594760973,"TÜV SÜD Spain","Ronda de Poniente, 4 Planta Baja y Primera, Parque Empresarial Euronova, C.P. 28760 Tres Cantos, Madrid",NA,NA,NA,"Spain"
48.938985,2.176967,"Tuyaux Flexibles Rudolph","1 à 15 rue du Fiant 78500 Sartrouville",NA,NA,NA,"France"
40.558435,-3.618997,"TYPSA, Técnica y Proyectos S.A.","c/ Gomera 9, 28703, San Sebastián de los Reyes, Madrid, España",NA,NA,NA,"Spain"
48.89385,2.237727,"Ufip Énergies et Mobilités","Les collines de l'Arche - Opéra C 76 route de la Demi-Lune 92800 Puteaux",NA,NA,NA,"France"
40.4286439,-3.6874406,"UNIVERGY SOLAR","C. de Serrano, 41, Salamanca, 28001 Madrid, Spain",NA,NA,NA,"Spain"
40.3311742,-3.7684312,"Universidad Carlos III de Madrid","Avenida de la Universidad, 28911 Leganés, Community of Madrid Spain",NA,NA,NA,"Spain"
40.448937,-3.718926,"Universidad Politécnica de Madrid (UPM)","C. Ramiro de Maeztu, 7, 28040 Madrid, Spagna",NA,NA,NA,"Spain"
48.8672098,2.2920402,"UNIVERSITE MOHAMMED 6 POLYTECHNIQUE","19 RUE DE L’AMIRAL HAMELIN 75016 PARIS",NA,NA,NA,"France"
48.626304,2.251621,"UTAC","Autodrome de Linas-Montlhéry, Avenue Georges Boillot 91310 Linas",NA,NA,NA,"France"
48.7946169,2.2755828,"VALLEE SUD HYDROGENE","28 RUE DE LA REDOUTE, 92260, Hauts-de-Seine, Frankreich","28 RUE DE LA REDOUTE","92260","FONTENAY AUX ROSES","France"
48.820605,2.233734,"Vallourec","12 rue de la Verrerie 92190 Meudon",NA,NA,NA,"France"
48.8837077,2.2944341,"VASCO PARTNERS","142 boulevard Pereire 75017 Paris",NA,NA,NA,"France"
48.9166573,2.3093804,"VDN H2","4 avenue Laurent Cély 92600 ASNIERES SUR SEINE",NA,NA,NA,"France"
48.9166573,2.3093804,"VENTS DU NORD","TOUR D ASNIERES HALL D, 4 AVENUE LAURENT CELY, 92600, Hauts-de-Seine, Frankreich","TOUR D ASNIERES HALL D, 4 AVENUE LAURENT CELY","92600","ASNIERES SUR SEINE","France"
48.8413419,2.3681815,"VERDIBUS TERRITOIRES","72 AVENUE PIERRE MENDES FRANCE, 75013, Paris, Frankreich","72 AVENUE PIERRE MENDES FRANCE","75013","PARIS","France"
48.762386,2.135051,"Versailles","Rue de la Croix Blanche, 78350, Les Loges-en-Josas, France","Rue de la Croix Blanche","78350","Les Loges-en-Josas","France"
48.87013,2.309885,"VERSO ENERGY","49 B AVENUE FRANKLIN DELANO ROOSEVELT, 75008, Paris, Frankreich","49 B AVENUE FRANKLIN DELANO ROOSEVELT","75008","PARIS","France"
48.888873,2.1664323,"Vinci Construction Grands Projets","5 cours Ferdinand de Lesseps 92500 Rueil-Malmaison",NA,NA,NA,"France"
48.896916,2.229278,"VINCI ENERGIES","2169 Bd de la Défense, 92000 Nanterre",NA,NA,NA,"France"
40.4327302,-3.6877853,"VINCI Energies España, S.A.U.","Paseo de la Castellana 41, 2ªPlanta, 28046, Madrid",NA,NA,NA,"Spain"
48.8971044,2.2266324,"VINCI SA","1973 Boulevard de la Défense, CS 10268, Nanterre, 92757, France",NA,NA,NA,"France"
40.4833586,-3.6679229,"VODIK GREEN ENERGY","Edificio Niza, C. de Caleruega, 81, 4ºA, 28033 Madrid",NA,NA,NA,"Spain"
40.4554238,-3.6506488,"Water2kW","Avenida de Brasil nº6 , -1º,  28020 Madrid",NA,NA,NA,"Spain"
48.8720214,2.2905934,"Watson Farley & Williams","28 avenue Victor Hugo 75116 Paris",NA,NA,NA,"France"
48.880817,2.370548,"Wellington","170 Boulevard de la Villette 75019 Paris",NA,NA,NA,"France"
40.426082,-3.688228,"WHITE SUMMIT CAPITAL","Calle Serrano 21, 28001",NA,NA,NA,"Spain"
40.530466,-3.49231,"Wolftank Iberia","C. Andalucía, 14, 28864 Ajalvir, Madrid",NA,NA,NA,"Spain"
40.466974,-3.689808,"Worley España SLU","Paseo de la Castellana 182-184, Madrid, 28046, Spain",NA,NA,NA,"Spain"
40.462834,-3.617322,"XCALIBUR MULTIPHYSICS GROUP SL.","AVENIDA PARTENON, 10, 28042, Madrid, Spanien","AVENIDA PARTENON, 10","28042","MADRID","Spain"
40.4531247,-3.6929749,"X-ELIO","Calle del Poeta Joan Maragall, 1, Madrid, 28020, Spain",NA,NA,NA,"Spain"
48.753252,2.475716,"YE","22 RUE PAUL VALERY, 94450, Val-de-Marne, Frankreich","22 RUE PAUL VALERY","94450","LIMEIL BREVANNES","France"
40.4347799,-3.628448,"YOKOGAWA IBERIA S.A.","C/ JULIAN CAMARILLO 29, EDIF. E1 PLANTA 2 28037 MADRID",NA,NA,NA,"Spain"
